name,rent,id,address,owner_id
Luxury Apartment,1500.0,1,"123 Main Street, Cityville",
Watson-Padilla,4583.66,2002,"888 Alan Brooks Apt. 465
Ashleyshire, VA 39581",
"Bass, Ramirez and Nelson",2850.65,2003,"PSC 9011, Box 0200
APO AE 15311",
"Lewis, King and Owen",2494.76,2004,"90038 Rios Way Suite 055
Jaredside, AL 54979",
Garcia-Brown,3575.86,2005,"275 Mclaughlin Station Apt. 928
South John, GU 31879",
"Roach, Terrell and Davis",3555.67,2006,"44434 Christopher Summit Apt. 041
New Jeffreyfurt, CT 96277",
"Gray, Rodriguez and Maxwell",3184.35,2007,"48378 Richard Ville
Taylorberg, WV 31246",
Robinson Ltd,2964.28,2008,"5566 Mendoza Freeway Suite 571
Petersonview, NE 10725",
Nguyen-Stokes,1880.14,2009,"USS Kline
FPO AP 50207",
Gonzalez-Reilly,1651.24,2010,"6620 Matthew Lodge
New Aaronhaven, MA 25981",
"Morse, Arias and Williams",4249.87,2011,"01278 Kennedy Isle Apt. 049
Lake Jennifer, WV 26845",
"Shannon, Le and Blankenship",3058.1,2012,"079 Sandoval Underpass Suite 550
Higginston, MA 53647",
Cisneros-Davis,4660.94,2013,"0865 Jamie Cliffs Suite 090
Kristenport, GU 05606",
Leach-Rodriguez,4295.83,2014,"9355 Maria Locks Apt. 258
Briantown, PA 93284",
Spencer LLC,4617.95,2015,"026 Patricia Neck
Watsonfurt, ID 93414",
Delgado Group,1639.31,2016,"8301 Andrea Circles
Jonathanberg, VT 55541",
Hill-Snow,1677.49,2017,"26552 Beard Drive
New Stephen, MT 16467",
Harmon PLC,4989.59,2018,"9155 Rhonda Wall
Markside, IN 11524",
Pham Inc,4317.54,2019,"1570 Krystal Cliffs Suite 817
Cooperville, FM 20919",
"Craig, Bradley and Long",942.8,2020,"4790 Torres Drive
Dennisbury, FL 50024",
Smith Group,3031.18,2021,"9709 Melissa Trail Apt. 145
Christopherstad, CA 54986",
Nguyen LLC,1136.09,2022,"79538 Tony Ports Suite 473
Maldonadotown, CA 15977",
"Mendez, Bennett and Burch",1579.19,2023,"9528 Brown Flats
Jamieport, NM 04705",
Roberts PLC,1301.56,2024,"5206 Ruiz Manors Suite 373
New William, WA 35127",
"Smith, Brennan and Sullivan",816.66,2025,"69701 Aaron Well
Ricefurt, WI 42217",
Edwards Group,2057.42,2026,"PSC 4739, Box 3366
APO AE 97882",
"Woods, Jones and Stevenson",2720.36,2027,"676 Keller Meadows
Lake Charlesburgh, CA 76550",
Estrada LLC,2433.48,2028,"4591 Barnett Drives Suite 926
Michaelburgh, IA 54138",
Mendoza-Schmidt,2760.88,2029,"400 Angela Inlet Apt. 678
West Megan, MA 30026",
Vasquez-Murphy,3638.33,2030,"2819 Samantha Common
South Markview, KY 81854",
"Williams, Sullivan and Johnson",2045.08,2031,"1430 Webb Roads
South Cory, HI 87118",
Combs Group,2988.67,2032,"85958 Foster Turnpike
Sullivanfurt, AR 59034",
"Williams, Kramer and Andrews",1300.51,2033,"8830 Frazier Way
Martinezport, TX 00805",
Wright-Shepard,4207.4,2034,"276 Lewis Meadows Apt. 972
West Brooke, TN 26721",
"Porter, Weaver and Gomez",1536.85,2035,"200 Flores Coves Apt. 886
New Kevinport, WY 31717",
"Simpson, Cabrera and Good",3203.36,2036,"67593 Williams Bridge
Lake Bailey, HI 19793",
"Williams, Smith and Alexander",3211.88,2037,"PSC 4454, Box 0512
APO AE 19032",
Taylor and Sons,2141.6,2038,"4386 Smith Rapids Suite 654
Gainesside, PW 44054",
"Rivera, Olson and Harris",3293.75,2039,"595 Shaun Ridge Apt. 517
Johnsonville, FM 06204",
Krause-Sheppard,2233.64,2040,"6260 Brett Gardens Apt. 466
Carlymouth, ME 13082",
Gonzalez Group,2330.21,2041,"PSC 1739, Box 4216
APO AE 67487",
Washington LLC,3758.85,2042,"912 Richard Parkways
Williamsmouth, NE 13268",
"Mays, Young and Morris",1555.35,2043,"6429 Cole Fork Apt. 178
Rhodesmouth, MA 74453",
Edwards and Sons,2057.5,2044,"37855 Sweeney Fall Suite 580
North Brandimouth, SC 16145",
Alexander-Wong,3118.92,2045,"4612 Glen Mission
Port Danielberg, PR 60825",
Garcia-Thomas,1517.93,2046,"984 Lam Fields Apt. 162
Maryfurt, OH 63811",
Mason Group,552.14,2047,"94791 Aguilar Trail
Lake John, DE 42194",
Mora-Phillips,2926.3,2048,"647 Ross Lake Suite 576
South Hectormouth, AL 11630",
"Griffin, Herrera and Lawrence",1427.12,2049,"68872 Cruz Squares
Morenofort, VT 36424",
"Smith, Fisher and Nielsen",2224.05,2050,"609 Campbell Crescent Suite 844
Veronicaport, AR 03917",
"Ramos, Jones and Chambers",2359.08,2051,"874 Jennifer Mountain Apt. 105
Alexanderborough, VA 57679",
Turner-Davies,1556.87,2052,"884 Gina Crest Suite 733
North Christopherville, PW 44954",
Guerrero Group,2700.29,2053,"USCGC Smith
FPO AA 40744",
Ortega Inc,3140.52,2054,"1635 Cunningham Estates Apt. 123
Robertmouth, IN 76105",
Mitchell PLC,2932.23,2055,"38977 Powers Square
Toddmouth, NC 53982",
Wolfe and Sons,2657.37,2056,"282 Megan Rue
Youngburgh, AS 87568",
Williams-Morales,3046.4,2057,"1892 Shelley Grove
West Kimberlyhaven, MI 56350",
"Kramer, Moore and Rollins",4366.93,2058,"581 Leonard Harbor
East William, WA 00705",
Anderson-Gardner,2833.01,2059,"0920 Phillip Rest Suite 287
Mcguireshire, ID 18098",
Small Group,2705.01,2060,"27585 Jeffrey Crest Apt. 036
Lake Alexis, ME 69882",
"Daniels, Hall and Johnson",2629.45,2061,"49350 Hickman Groves
Amandamouth, MN 23704",
Campbell Group,1585.57,2062,"158 Shah Forge Apt. 863
Smithstad, NE 50681",
"Pitts, Berry and Mcdonald",647.22,2063,"4352 Simpson Village
West Josephhaven, VI 33692",
Watson-Wade,4839.94,2064,"61885 Oneal Trail Apt. 389
Bowersside, WI 35183",
"Peterson, Smith and Brown",1014.1,2065,"Unit 3138 Box 3399
DPO AA 51369",
Martin-Carter,854.14,2066,"234 Patrick Isle Suite 908
North Erinborough, NE 56675",
"Williams, Cox and Griffin",937.57,2067,"720 April Field
East Jeremiah, SD 28083",
"Pollard, Webb and Wilson",2775.89,2068,"PSC 5582, Box 0599
APO AA 73905",
"Taylor, Bailey and Hale",2784.52,2069,"525 Judith Views Suite 434
Floresville, WA 85312",
Pennington-Knight,4017.66,2070,"298 Choi Forest Apt. 931
Fryehaven, NJ 91880",
"Wagner, Roberts and Reynolds",4705.06,2071,"570 Alvarez Wall Suite 475
Johnsonstad, WV 96514",
Blanchard-Stone,1330.87,2072,"032 Paul View Suite 235
North Kathryn, MI 65741",
Burns-Miller,2769.22,2073,"PSC 6992, Box 2828
APO AE 42038",
Reed and Sons,1608.35,2074,"769 Jenny Cliff Apt. 705
Davisfort, TN 61535",
Williams Ltd,838.21,2075,"2404 Vasquez Mission
Williamsmouth, KY 87326",
Brown-Nguyen,2737.6,2076,"71930 Hancock Burg Suite 977
Oliviahaven, WV 68875",
"Lyons, Villa and Donaldson",3795.93,2077,"7482 Reyes Unions
Millerland, RI 63225",
Davis-Christian,2290.22,2078,"953 Freeman Pike
West Georgestad, WI 34637",
Haney-Shepherd,1714.37,2079,"856 John Field Apt. 229
Perryland, LA 41728",
"Delgado, Meyers and Wilson",2415.56,2080,"061 Shannon Key Suite 781
Ryanton, NJ 42164",
Cook-Diaz,934.3,2081,"995 Pitts Track Suite 330
Lake Laurie, CO 56158",
"Marsh, Lowe and Collins",540.69,2082,"699 Harrington Throughway Apt. 973
West Jennifer, MI 23974",
Thompson Ltd,4566.6,2083,"USS Thornton
FPO AE 75617",
Morrison Ltd,4683.05,2084,"51463 Fisher Throughway Suite 507
South Jose, IA 66456",
"Harrison, Williams and Porter",2977.14,2085,"710 Lawson Pike
West Williammouth, MA 02389",
"Alexander, Mckay and Ramos",4621.54,2086,"087 Peters Summit Suite 802
South Teresa, SC 22501",
"Alexander, Greene and Vega",1238.6,2087,"4539 Grant Springs Apt. 794
Port Courtneyfurt, OR 65143",
Moses-Bowen,1234.56,2088,"7196 Chelsea Walks Apt. 967
Doughertyhaven, KS 51872",
Ellis-Smith,1366.29,2089,"0670 Ashley Mountains
Gregoryland, LA 82106",
"Frank, Sweeney and Gregory",3437.95,2090,"056 Natasha Wells
Davismouth, PR 96892",
Sanchez-Gibson,1782.04,2091,"1698 Brown Landing Apt. 269
West Katie, ND 99433",
Johnson PLC,2613.96,2092,"5760 Louis Prairie Apt. 552
North Lori, OK 45689",
"Blair, Olson and Compton",3396.82,2093,"02282 Justin Court
Shannonview, NM 97279",
"Chang, Rodriguez and Cooper",3036.06,2094,"625 Lance Row Apt. 656
East Jennifer, FL 19552",
Obrien-Hart,3368.76,2095,"42706 Morgan Creek Apt. 170
Martinezfort, SC 18832",
Williams-Wagner,3219.39,2096,"620 Beth Garden
Ferrelltown, NE 19376",
Oneill-Richardson,2997.29,2097,"9247 Tran Gateway
West Erinstad, NV 58525",
Lowery Ltd,2918.41,2098,"86779 Gomez Coves Apt. 025
East Virginiamouth, MD 33973",
Carpenter PLC,2755.99,2099,"1690 Oconnell Circle Apt. 237
Abigailfurt, MD 82175",
Klein-Taylor,4925.73,2100,"7442 Mary Roads Suite 224
Martinezfort, IA 41310",
Herrera Group,806.24,2101,"388 Tiffany Tunnel
Campbellside, IN 31361",
Hall-Phillips,1354.47,2102,"586 Key Locks Apt. 227
Jennifermouth, AS 75591",
Harvey Group,1674.24,2103,"Unit 2185 Box 0098
DPO AP 93223",
Chen-Goodwin,4647.07,2104,"909 Woods Rapid Apt. 417
Kevinshire, WI 28964",
Bradley-Mcdonald,4029.71,2105,"Unit 5480 Box 7641
DPO AE 36918",
"Johnson, Ayers and Miller",3680.21,2106,"842 Erin Point Apt. 987
Thompsonville, MH 07656",
Robinson and Sons,1016.55,2107,"PSC 0192, Box 0200
APO AP 53458",
"Joseph, Chan and Shelton",2088.67,2108,"271 Leslie Expressway Suite 183
South Shannonton, WA 33997",
"Palmer, Johnson and Saunders",1531.43,2109,"92112 Watson Island Apt. 318
Port Curtis, MO 76865",
Leblanc Inc,4347.58,2110,"3535 Deborah Knolls
Billystad, GA 34058",
Weber-Patterson,2168.02,2111,"07012 Roberta Plaza Suite 845
Lake Mark, PW 75952",
"Price, Thomas and Lawrence",3820.55,2112,"753 Maureen Landing
Richardstad, NM 90999",
Hebert Group,3950.86,2113,"71265 Courtney Islands Apt. 938
Thomaston, OR 47841",
"Meyer, Lee and Ayala",1970.64,2114,"36049 Savannah Island Suite 456
Port Mary, FL 78090",
Freeman and Sons,1972.4,2115,"47529 Elijah Burgs Apt. 190
New Heatherstad, OH 97643",
"Calhoun, Daniels and Smith",3977.27,2116,"227 Summers Ports
West Danielfurt, AS 05389",
"Scott, Rose and Price",3339.07,2117,"724 Wong Lodge
Bethanyview, CO 31365",
Phelps-Brown,2159.48,2118,"5320 Elaine Prairie Apt. 908
East Sarah, CO 98474",
Wolfe LLC,794.95,2119,"80030 Michael Forge Suite 459
West Timothy, KS 58000",
Harris-Blackwell,2134.75,2120,"448 Samuel Springs Suite 116
North Tracy, MN 16740",
Hurley-Peters,4373.71,2121,"3795 Rasmussen Viaduct
Paynebury, NE 30866",
Holloway PLC,1680.23,2122,"2902 Barbara Corner
Johnville, IN 85664",
Henderson Group,3499.27,2123,"66988 White Cape Suite 748
West Stevenbury, VI 74549",
Long-Parrish,1664.49,2124,"5003 Henderson Drives Suite 447
Aaronberg, AL 29574",
Montgomery-Allen,4578.59,2125,"2091 Solis Ford Apt. 260
Lake Bianca, MP 98204",
Waters Ltd,519.36,2126,"2908 Michelle Viaduct
Jonesville, CT 41618",
Andrews-Mills,1325.44,2127,"2544 Fisher Cape
Hickmanshire, VI 38475",
Campbell PLC,1314.73,2128,"USNV George
FPO AE 44889",
Pruitt LLC,2495.52,2129,"4217 Johnson Squares
South Richard, MI 36426",
Mitchell and Sons,2517.24,2130,"747 Anderson Station Apt. 415
South Jacob, SD 64070",
"Cole, Bates and Frank",3240.02,2131,"583 Oconnell Run
Micheleland, FL 28672",
"Perez, Fry and Perry",2452.34,2132,"641 Christine Pine Apt. 026
West Samuelstad, TX 64097",
Curtis-Melendez,2325.32,2133,"5398 Harvey Fields
Phillipview, OH 42679",
"Todd, Sanders and Alexander",3337.04,2134,"4337 Matthew Meadows Apt. 947
Lake Nicholas, IL 03332",
Stein-Mcneil,3195.21,2135,"583 Cook Burg Suite 664
Simonview, NM 16487",
"Williams, Haley and Chapman",2329.97,2136,"5558 Craig Shore Suite 477
Evansbury, CA 04735",
"Pruitt, Morrow and Franklin",1619.38,2137,"60949 Blackburn Dam
South Jasonstad, LA 57774",
"Patterson, Vazquez and Pearson",4229.57,2138,"08938 Wilson Hills Apt. 651
East Williammouth, SC 23194",
"Hughes, Garcia and Davila",3366.89,2139,"868 Sydney Garden
Wrightville, PA 12481",
Carr and Sons,2334.58,2140,"4982 Cannon Terrace
West Sarah, OK 10345",
Wagner LLC,2550.22,2141,"309 Virginia Branch Apt. 890
Port Marcus, FL 89163",
"Black, Johnston and Thompson",3258.19,2142,"209 Samantha Trail Apt. 816
Camerontown, VT 25933",
Gonzalez LLC,779.65,2143,"4760 Johnson Hill Apt. 315
South Nicholastown, MH 60923",
"Snyder, Powers and Smith",924.07,2144,"56885 Adkins Spring
West Christineside, MI 28300",
Serrano-Wyatt,3818.53,2145,"079 Jordan Flat Suite 690
New Thomas, MH 74173",
"Montoya, Turner and Moore",1480.87,2146,"466 Jennifer Grove Apt. 563
Donaldberg, IA 87169",
Estrada-Lee,2098.6,2147,"151 Steven Road
West Brittneyburgh, SC 28040",
"Mccullough, Miller and Turner",1893.49,2148,"141 Lyons Points
West Raymond, KS 63609",
"Wilcox, Jordan and Johnson",4191.53,2149,"889 Morgan Lock
Port Beverly, AK 83193",
"Gallagher, Larson and Ramos",2040.8,2150,"1982 Nicole Green Suite 833
Zoeshire, UT 26458",
"Hill, Johnson and Carter",703.31,2151,"67918 Garcia Trace Apt. 078
North Eddiemouth, PA 83558",
Greene-Ward,1247.15,2152,"098 Jordan Hill Suite 496
Petersonstad, SC 78499",
"Mclaughlin, Mendoza and Ramos",765.32,2153,"330 Roger Fork
Nguyenhaven, MI 87165",
Johnson-Sims,4598.8,2154,"407 White Pine
Michaelport, PW 24483",
"Owens, Haas and Davis",1937.13,2155,"0868 Alexandria Island
Danielland, NY 20442",
Hamilton and Sons,1424.15,2156,"984 Patricia Spring
Lake Tiffany, AS 63338",
"Richardson, Jones and Alexander",2955.3,2157,"418 Monica Prairie Apt. 644
Lake Lisahaven, WI 27838",
"Griffith, Higgins and King",3231.6,2158,"84612 Crawford Loop Suite 933
South Patricialand, AS 03118",
Salazar-Campbell,3914.89,2159,"78542 Baker Parkways
North Christopherborough, SD 52279",
"Dawson, Roach and Martinez",3897.55,2160,"3989 Christine Roads
Timothyberg, CO 88333",
Abbott Ltd,3295.01,2161,"52371 Tracy Well
Williamsmouth, NH 15730",
Gonzalez LLC,4014.22,2162,"5371 Williams Walks Apt. 084
Oliverton, ID 53641",
Campos-Vasquez,4914.05,2163,"Unit 2932 Box 7159
DPO AE 97674",
"Taylor, Thomas and Boyd",3363.32,2164,"29329 Flores Hollow
Melissaport, IN 87672",
Christensen and Sons,4134.62,2165,"4386 Kathryn Plaza
West Michelle, TN 66677",
Smith Inc,658.68,2166,"3390 Lee Divide Apt. 510
New Stephen, PR 36121",
"Baxter, Owens and Hayes",1958.43,2167,"9770 Yolanda Path Suite 452
Reedview, NY 46859",
West-Cruz,1206.84,2168,"4644 John Place
West Nathanielport, TN 11756",
Chan Group,4284.84,2169,"90183 Emily Key Suite 119
Smithmouth, WV 71146",
Lynch-Pierce,2729.27,2170,"5803 Gary Shoal Suite 761
North Jonathan, DE 58502",
Mason LLC,919.59,2171,"999 King Views
Dawsonmouth, CO 36385",
Hancock Ltd,3367.08,2172,"00842 Gregory Drive
Sergioland, IN 18132",
Diaz-Hudson,2067.67,2173,"USCGC Roy
FPO AA 89766",
Jones-Jackson,4110.31,2174,"6942 Bell Square Suite 604
Lisaton, AK 99193",
Hughes-Ayala,1495.75,2175,"5377 Hanson Gateway Suite 658
West Timothyland, AL 55386",
Paul-Brewer,4448.66,2176,"326 Lewis Crossing Apt. 491
Montgomeryton, DE 24817",
Mckee PLC,2273.38,2177,"18189 Lisa Spurs
Lake Chelseaside, MA 54805",
Chen Inc,2297.93,2178,"143 Garcia Expressway Suite 461
Floresland, WA 13213",
Melton and Sons,2090.64,2179,"4009 Paula Knolls
West Anthony, CO 75154",
Anderson Ltd,1014.99,2180,"3463 Williams Square
North Toniland, CT 84501",
Johnson LLC,2199.99,2181,"71859 Wendy Cove
South Carlostown, MA 00686",
"Patel, Young and Powell",1826.11,2182,"541 Dennis Spur
South Jonathan, AZ 18623",
Young Ltd,1311.3,2183,"742 Mark Harbors Suite 880
Hollyside, PA 68971",
"Osborne, Hunt and Adams",842.41,2184,"84292 Jeremy Divide
Meganville, AS 82283",
Strickland Inc,2013.76,2185,"1549 Snyder Loop Apt. 904
New Megan, OH 24173",
Davis-Parsons,4715.59,2186,"7866 Moore Lodge
East Lynn, NE 28516",
"Fuller, Diaz and Haynes",1082.13,2187,"24806 Amber Brook
Ariaston, NV 10764",
"Barnes, Davis and Duran",4866.89,2188,"0948 Crystal Glens
Stevenchester, FM 95889",
Gonzalez-Thompson,1523.18,2189,"2983 Matthew Lodge
South Jose, SC 27635",
Buckley-Watson,3211.16,2190,"4956 Daniel Valleys Apt. 202
Lake Patriciatown, IL 72722",
Meyer-Franklin,3096.65,2191,"Unit 2806 Box 5693
DPO AE 59134",
Gould Inc,3412.77,2192,"703 Brooks Unions
West Sarah, MS 92615",
Wallace Ltd,3967.7,2193,"57235 Marilyn Place Suite 049
Scottburgh, MP 78760",
Cooper-Woods,4172.57,2194,"8106 Romero Shoals Apt. 020
West Peterland, FM 40032",
Underwood-Richardson,4549.92,2195,"49371 Lindsay Knoll Apt. 347
Lake Deniseton, NH 77847",
"Simmons, Hahn and Curtis",3664.24,2196,"24287 Connie Mount Apt. 397
Robinsonport, PW 79997",
Velasquez-Lyons,2169.65,2197,"PSC 7241, Box 3774
APO AP 85238",
"Rice, Clark and Hammond",814.5,2198,"PSC 0193, Box 3212
APO AP 50468",
Krueger-Williams,3123.41,2199,"4333 Karen Skyway
North Deanna, VT 29876",
"Gentry, Browning and Woods",4450.0,2200,"580 Yvonne Vista
Gonzalezmouth, TN 98887",
"Taylor, Myers and Wiley",1377.67,2201,"3561 Brooks Via Suite 541
East Kristinborough, PR 27368",
Frederick-Clayton,4154.33,2202,"105 Lindsay Mills
Lake Donnaland, NV 64343",
Nelson LLC,2564.09,2203,"8724 Scott Valleys Suite 635
East Pamela, WA 70036",
"Miller, Hartman and Miller",1254.66,2204,"134 Michael Junctions
Smithville, WI 81350",
Carroll Inc,2111.32,2205,"87033 Russell Bridge Apt. 868
New Eric, NM 33631",
Bryant Ltd,3731.63,2206,"019 Dillon Pines Apt. 866
Goldenbury, LA 68732",
"Carroll, Mitchell and Green",2339.54,2207,"914 Johnson Streets
New Mitchellville, MN 21538",
Mayo-Smith,3324.63,2208,"8656 Eric Roads Suite 107
Susanstad, ND 40248",
Montes Ltd,1213.42,2209,"91510 Norris Dale
South Danielle, WA 54941",
"Ibarra, Fox and Smith",2195.65,2210,"364 Johnson Mill
Adkinsmouth, WY 42408",
"Richards, Burke and King",3949.37,2211,"065 Taylor Creek
South Anthony, MS 13001",
Ellis-Warren,3915.07,2212,"3864 Richards Mountain Apt. 426
Charlesburgh, VI 26865",
Knox Inc,1015.4,2213,"770 Chambers Hollow
Justinburgh, GA 51717",
Perez PLC,2954.21,2214,"5010 Cochran Grove Apt. 984
Johnfort, WA 97442",
Gonzalez-Love,3002.93,2215,"0801 Lamb Trail Suite 538
South Dorothy, MI 33585",
Rice Inc,1139.19,2216,"51694 David Ports
North Jenniferside, WV 63334",
"Carpenter, Freeman and Perkins",2165.31,2217,"84878 Gordon Parks Suite 271
Garciaville, OH 43472",
Wilson-Ferrell,2011.91,2218,"006 Nguyen Rapid Apt. 079
Dianastad, LA 83440",
Nguyen Group,818.58,2219,"6488 Tara Landing Suite 325
South Michaelton, WV 46421",
Collins-Lambert,2378.49,2220,"339 Stuart Place Suite 559
Thomasmouth, AZ 83049",
"Williams, Herrera and Matthews",1110.12,2221,"3791 Miller Mills Suite 519
Woodbury, TX 28583",
Hernandez PLC,1856.61,2222,"8008 Williams Expressway
Brandontown, MN 36151",
"Arias, Bell and Greene",4072.55,2223,"6995 Victor Shoals
West Janetfurt, KY 57291",
Burns-Campbell,3193.09,2224,"2421 Jessica Plaza
Staceyview, OR 42393",
Jones Ltd,4519.92,2225,"829 Moore Manor
West Jefferyton, KS 42366",
"Curry, Schneider and Lee",4650.07,2226,"5892 Kristina Neck Suite 245
South Anthonyberg, TX 85309",
"Lopez, Williams and Long",4682.3,2227,"75908 Martin Junction Suite 846
Chenview, MP 10439",
"Choi, Wu and Morris",3419.16,2228,"511 Freeman Plaza
Lake Rhondatown, AK 10740",
"Watson, Carlson and Smith",4739.41,2229,"USS Miller
FPO AE 76054",
"Garner, Reese and Pratt",1240.48,2230,"8569 Fry Knoll Suite 701
Juliafort, PR 89365",
Marshall-Odom,3301.52,2231,"PSC 2616, Box 1102
APO AA 71778",
"Long, Ward and Foster",1415.16,2232,"2745 Stephanie Gateway Suite 870
Lake Zacharyside, NE 41138",
Davis LLC,2841.79,2233,"060 Pope Rapids
Richardton, MD 01340",
"Mcgee, Wong and Gonzalez",1053.37,2234,"374 Ramsey Ridge Apt. 298
Zacharybury, NY 61376",
West-Greer,2904.2,2235,"9333 Howard Ports Apt. 843
East Juan, MP 28655",
"Doyle, Mccormick and Zavala",3855.28,2236,"6534 Smith Courts
Patrickville, IA 78634",
Powers-Collins,2919.2,2237,"PSC 2090, Box 0367
APO AA 14641",
Stafford-Hogan,3432.41,2238,"PSC 0952, Box 8529
APO AE 05648",
Harmon and Sons,980.16,2239,"82643 Rhonda River
East Melissabury, IL 04209",
"Miranda, Hanson and Cook",3673.17,2240,"133 Miranda Valleys Suite 927
Kimberlyport, OK 00525",
Johnson-Davis,1920.86,2241,"492 Hannah Key Apt. 472
South Maryside, MN 71542",
Spence-Ayala,4690.98,2242,"31409 Amber Stream Suite 586
Morrowmouth, MA 85135",
Harris-Green,2538.05,2243,"105 Felicia Pines
New Adamton, MP 02181",
Berger Ltd,2037.88,2244,"598 Jeremy Throughway Suite 955
North Stephen, PR 31361",
"Nguyen, Taylor and Page",3462.98,2245,"8752 Torres Views
Heatherport, VI 91727",
"Santiago, Lopez and Castillo",1519.67,2246,"5177 Hannah Route
North Michaelshire, PW 90405",
"Johnson, Miller and Armstrong",2414.23,2247,"648 Joseph Club
Murraytown, IL 36595",
"Valenzuela, Arnold and Chambers",4752.55,2248,"5403 Ryan Street
North Kathleen, MT 12468",
Butler-Collier,2795.22,2249,"0958 Derek Creek
South Jennifer, WA 91628",
Heath-Gibson,4112.94,2250,"157 David Cliffs
Matthewport, SD 27514",
"Thompson, Martinez and Cook",520.61,2251,"69451 Eric Road
Jeffreyfurt, VI 15671",
Hudson-Myers,2934.27,2252,"50579 Wong Curve
Robertberg, GA 50278",
Cunningham PLC,1054.96,2253,"4989 Reeves Estates Apt. 415
Rogerberg, MS 55414",
Mayer-Bolton,2165.16,2254,"131 Jackson Estate
East Shirleyview, DE 15545",
Johnson-Williams,4441.2,2255,"Unit 3440 Box 7549
DPO AE 01604",
Bass-Matthews,928.43,2256,"02863 Robert Lights Suite 645
North Darrenfort, OK 54779",
Burns-Chan,1033.01,2257,"341 Dean Fords
Lake Ashley, ME 72998",
"Jones, Craig and Brown",4387.1,2258,"58883 Kristen Unions Suite 413
Port Gabrielberg, ID 64375",
Taylor Inc,3478.96,2259,"4478 Alexander Coves
West Brandon, SD 77416",
"Fowler, Beltran and Vang",2788.42,2260,"0300 Sophia Village
Hardyburgh, PW 30679",
Jackson-Hensley,2112.5,2261,"124 Amber Trafficway
Christianville, NH 80683",
Cox-Murillo,4520.52,2262,"841 Michelle Inlet
Reneeberg, IA 42926",
Proctor Ltd,2346.19,2263,"1365 Johnson Path
Dayhaven, SD 16259",
Meyer-Johnson,2286.27,2264,"USNS Phillips
FPO AP 28599",
Wong-Johnson,4681.74,2265,"95602 Harmon Ford
Fuentesfort, TN 18486",
Cohen-Parker,2563.88,2266,"61048 Daniel Pike Apt. 812
South Charles, GA 98558",
Armstrong and Sons,4177.66,2267,"Unit 9095 Box 3696
DPO AA 41561",
Solis Ltd,3213.08,2268,"8113 Gina Oval
East Cindy, DC 27909",
Jones-Brown,3070.37,2269,"805 Martin View
North Kimberlychester, MO 99920",
Lewis Ltd,1014.53,2270,"6081 Richards Plains
New Billy, WV 70825",
"Parker, Cortez and Leon",3783.24,2271,"17937 Martin Route
Holtmouth, IA 32715",
"Ho, Rivera and Kelley",3369.5,2272,"4031 Cummings Mountains Suite 201
New Jeremy, NC 22092",
Kim Ltd,1168.52,2273,"9634 Oscar Unions Suite 808
Mcbrideshire, AZ 23154",
Fritz Group,979.02,2274,"Unit 8772 Box 9614
DPO AE 20056",
Proctor-Haynes,4714.82,2275,"5686 Sergio Prairie Suite 871
Cherylmouth, WA 06571",
Lyons Inc,2162.31,2276,"43165 Harris Ways
Lake Josephchester, DC 57442",
James-Campbell,2319.56,2277,"2925 Michael Ridges Suite 507
Kennethshire, CA 24996",
Maxwell Inc,788.3,2278,"42208 Amber Drive
Port David, CA 53299",
"Miller, Hutchinson and Smith",2989.66,2279,"9698 Gibson Rue Apt. 650
Port Mallorybury, IN 74950",
Moore-Burke,2199.91,2280,"37158 Jason Island
Kennedymouth, IL 95840",
"Perez, Johnson and Johnson",1386.6,2281,"4628 Kennedy Mountain
North Jennifer, IL 79903",
Silva PLC,3761.95,2282,"528 Nicole Ferry Apt. 133
Port Johnshire, PR 90116",
Bennett LLC,3736.95,2283,"8307 Thomas Locks
South Jillhaven, NC 64905",
Robinson-Edwards,3316.61,2284,"65610 Russell Spring Apt. 665
Port Megan, NV 29899",
Mullen Ltd,3823.96,2285,"399 Callahan Ranch Suite 420
Davidfurt, SC 37867",
"Lang, Kirk and Mendoza",3868.39,2286,"2605 Lisa Bypass Suite 301
East Bill, ME 77990",
"Castillo, Hart and Gould",4459.51,2287,"PSC 5054, Box 4869
APO AP 18916",
Johnson Group,4045.3,2288,"79594 William Common
Chadmouth, PA 56908",
Watkins-Watkins,962.21,2289,"USS Harper
FPO AP 93903",
Mitchell-Lloyd,1150.53,2290,"5889 Anderson Orchard Apt. 080
South Maryton, AR 46612",
Perez-Johnson,4054.61,2291,"2713 Best Springs Apt. 829
East Michael, OH 87163",
"Simmons, Whitaker and Young",4607.68,2292,"PSC 2510, Box 4136
APO AP 93971",
"Reynolds, Mathis and Williams",4602.24,2293,"92865 Stephens Meadows
Port Scottland, WV 04746",
"Lopez, Hardy and Hall",3207.19,2294,"64099 Rosales Well
Bellfurt, CA 62466",
"Williams, Williams and Kim",4445.27,2295,"2495 Caleb Mill
New Angela, MS 75217",
Holland PLC,1812.88,2296,"012 Brandon Keys
West Carla, AL 88053",
Turner-Mckay,1483.23,2297,"4789 Susan Harbors Apt. 641
Ericfurt, FM 88096",
"Rice, Kirby and Rivas",1388.61,2298,"859 Joan Mews Suite 264
South Donfurt, DE 62449",
Fernandez-Barry,4643.34,2299,"5107 Le Inlet Suite 211
Rebeccahaven, TN 39065",
Miller and Sons,2261.31,2300,"9004 Julie Unions Apt. 935
East Jamesburgh, AR 23057",
"Ruiz, Powell and Cannon",1646.66,2301,"5585 Michael Track Apt. 599
Greenburgh, MH 99532",
Levine LLC,3098.23,2302,"USCGC Lopez
FPO AE 26939",
"Briggs, Zimmerman and Lawrence",1792.84,2303,"89902 Simpson Garden Suite 126
West Kimberlyfurt, ID 01783",
"Sims, Clark and Rodriguez",1635.18,2304,"668 Melissa Fall
Shannonland, MI 82312",
"Stewart, Gardner and Gillespie",4093.95,2305,"8786 Martinez Stravenue Suite 351
Vazquezfort, CT 64452",
Bailey-Gilbert,3494.65,2306,"146 Everett Springs
Browntown, VA 73484",
"Murphy, Harrison and Gonzalez",3017.84,2307,"564 Ryan Centers
Port Christinastad, MP 33292",
"Parsons, Chavez and Stuart",2056.0,2308,"1508 Villa Rapids Apt. 737
Port Bradleyfort, MI 22018",
Navarro PLC,4363.84,2309,"90633 Stafford Unions
Kellychester, MD 03301",
Lewis-Austin,4115.71,2310,"2894 Armstrong Village
Port Teresaton, LA 58417",
Campbell-Oliver,2930.15,2311,"07039 Michael Club
Codymouth, AZ 29363",
Hart-Boyd,1005.64,2312,"20638 Brown Fort Apt. 510
Williambury, NJ 37084",
Miller LLC,1396.67,2313,"274 Isaac Ramp Suite 402
Gutierrezville, AK 58156",
Holland Ltd,1731.39,2314,"497 Prince Drive
Port Dianeport, WV 66317",
Alexander-Mcdaniel,2276.11,2315,"20457 Amanda Ports Suite 380
Lake Russell, AS 83375",
"Burke, Smith and Thompson",4661.26,2316,"19692 Mary Plaza
Kylefort, AZ 41303",
Sloan-Foster,4996.43,2317,"757 Daniel Vista Apt. 067
Lake Angelatown, IN 06530",
Wyatt LLC,3126.27,2318,"69824 Smith Ford Suite 514
Lake Natasha, KY 11373",
Schneider-Wood,2630.45,2319,"1478 Jacqueline Pine Suite 051
South Shelly, KY 55089",
Wagner-Miller,3939.72,2320,"6530 Jennifer Common Apt. 574
North Bonnieton, WI 02772",
Guzman-Murphy,951.76,2321,"707 Chad Station
South Andrewmouth, AK 72121",
"Herrera, Martin and Gray",3418.8,2322,"803 Kenneth Mount Apt. 423
Anthonyport, MO 75115",
Brown Group,2400.13,2323,"272 Elizabeth Courts
Riverashire, AR 98298",
"Griffin, Bradshaw and Le",2154.59,2324,"08740 Pennington Causeway Apt. 302
Port Danielchester, AL 39478",
"Ware, Orr and Price",4332.34,2325,"282 David Meadow Suite 900
Dixonfurt, PR 01074",
Franklin-Kim,2367.49,2326,"12300 Martin Throughway Suite 738
Dicksonhaven, PA 63590",
Rose-Clark,1031.45,2327,"014 Lambert Plain
Alexaview, RI 81597",
"Jimenez, Watson and Hurst",2187.65,2328,"14368 Cabrera Station
Lake Charlesport, AL 24333",
Brooks Inc,2576.3,2329,"46779 Vincent Pine Apt. 536
Williamsburgh, RI 88191",
Fowler Ltd,3006.81,2330,"62179 Julie Drives
Port Billy, PR 39777",
"Stevens, Perez and Wheeler",2360.67,2331,"1006 Michelle Ferry Apt. 634
Lorishire, NM 41355",
"Lee, Smith and Harmon",1557.43,2332,"281 Murphy Isle
Jameshaven, MS 21522",
Patterson Ltd,2216.56,2333,"Unit 2204 Box 2252
DPO AA 23261",
Morris Inc,4237.56,2334,"921 Angela Lock Apt. 020
North Katrinaburgh, CT 28383",
"Shaw, Dennis and Strong",3963.88,2335,"22649 Little Turnpike
South Debbieport, TN 82754",
Sanchez Inc,2067.8,2336,"7215 John Freeway
Nguyenshire, NV 91947",
"Terry, Hendricks and Mason",2624.49,2337,"589 Sullivan Spur
Lake Michael, RI 10177",
"Joseph, Brown and Brock",4708.71,2338,"PSC 5732, Box 5817
APO AP 80111",
"Hill, Douglas and Hamilton",4542.31,2339,"2547 Sheila Mill
Jasonberg, MP 70332",
Mckay Inc,1055.1,2340,"29982 Louis Wells Suite 015
Chavezstad, IA 80187",
Davis LLC,3064.0,2341,"7598 Sanchez Groves
Zunigashire, ID 25300",
Munoz Ltd,3885.81,2342,"65048 Reyes Island Suite 664
Lake Jenniferview, NJ 25737",
"Bradford, Long and Brown",1999.92,2343,"USS Brady
FPO AP 67975",
Holmes-Lam,3835.38,2344,"217 Bishop Lodge Suite 552
Port Ryan, SC 68385",
Hall-Woodward,4670.92,2345,"Unit 4956 Box 9365
DPO AA 60239",
Duncan-Brown,1158.41,2346,"0372 Hinton Light Apt. 425
Chrisport, CT 02188",
"Solis, Cruz and Marshall",4011.06,2347,"21316 Davis Drive
Glendabury, WY 22759",
Davis Inc,2927.54,2348,"1693 Russell Station
Michellebury, NY 71618",
Smith PLC,3628.61,2349,"627 Ann Lane Apt. 099
Ramseyland, IL 51336",
Wright and Sons,782.03,2350,"93437 Harmon Land Apt. 593
Port Brendatown, AK 01014",
Wilson and Sons,4424.4,2351,"631 Gabriel Summit Suite 948
Amandashire, MS 04602",
Weiss Ltd,1430.78,2352,"6572 Reyes Trace Apt. 412
Samanthaville, MS 31102",
Kirk-Rodriguez,2934.62,2353,"85612 Marissa Street
Housetown, SC 24252",
Mills Group,1913.94,2354,"53733 Smith Rapids Apt. 009
North Cassandra, AR 33884",
Fleming-Taylor,4249.51,2355,"939 Logan Gateway
West Samanthaview, CT 22339",
"Li, Mitchell and Mitchell",3154.24,2356,"3667 Megan Springs
East Jason, MO 43809",
Powers Group,2727.81,2357,"345 Shepherd Parkway Apt. 333
Harpermouth, GA 83398",
"Smith, Stevenson and Mcdonald",4635.63,2358,"325 Howard Ports
North Marissa, MI 94585",
"Mathews, Edwards and Kelly",3059.55,2359,"58647 Jonathan Loop Suite 170
Aaronshire, LA 30346",
"Brown, Garner and Abbott",3771.89,2360,"79022 Scott Glen
Port Vincentbury, GU 60648",
Chapman-White,3787.31,2361,"572 Ann Mills Suite 081
North April, NC 14125",
Jones-Oneal,1760.29,2362,"79191 Pena Cliffs Suite 186
Lake Timothyhaven, VA 52569",
Johnson and Sons,1407.86,2363,"7502 Williams Station Apt. 693
Lindseyborough, NV 93244",
Jones-Rodriguez,3817.75,2364,"72763 Cummings Ridges
Daviston, MA 26654",
"Cantrell, Acosta and Chapman",2827.52,2365,"72991 Susan Estate
Ericberg, ID 78360",
Smith-Moody,641.17,2366,"7674 Phillips Locks
New Samuelview, MN 78357",
Sanders-Bush,4975.92,2367,"087 Christina Cliff
East Justin, MD 73091",
Reynolds-Mccarthy,1069.71,2368,"97556 Thomas Gardens
New Michael, NH 56678",
"Hendrix, Grimes and Nash",1339.45,2369,"015 Cochran Squares
Greeneshire, IL 81262",
"Perry, Ruiz and Bailey",3061.8,2370,"09968 Vazquez Meadow Apt. 675
North Danielside, DE 00895",
Valdez-Schultz,933.5,2371,"72728 Dean Drive
Brittanyhaven, FM 90164",
Shaw Group,4738.41,2372,"72621 Robert Junctions Apt. 445
Harringtonborough, NC 21248",
"Davis, Garcia and Garcia",4281.48,2373,"68783 Crystal Junctions
West Morgan, HI 73726",
Jones-Rodriguez,3194.9,2374,"401 Andrew Lane Apt. 040
Coopershire, SD 08549",
"Fuller, Powell and Hernandez",1463.9,2375,"88986 Barber Burg
Thompsonstad, SC 82415",
Moreno Inc,4593.55,2376,"PSC 0125, Box 9352
APO AE 54485",
Perkins Group,3696.11,2377,"0078 Arthur Island
Port Wesleymouth, FL 22148",
Atkins-Mathews,2208.04,2378,"22646 Craig Summit Apt. 190
East Georgemouth, NE 45745",
Cannon-Scott,4377.91,2379,"8044 Shannon Stravenue Suite 803
New Sabrinaburgh, AZ 48900",
Garcia and Sons,2587.48,2380,"0665 Michael Views
Fisherville, ND 60229",
Chapman-Watkins,3925.91,2381,"5395 Elizabeth Heights
Sheilatown, ME 94753",
"Roman, Knight and Washington",3130.9,2382,"92546 Kristen Tunnel Suite 355
South Danielleport, MT 17968",
Pearson and Sons,4918.72,2383,"05278 Stephen Parks Suite 334
East Nicole, NY 11272",
Munoz PLC,1069.91,2384,"6311 Randy Isle Apt. 589
Austinhaven, UT 76954",
Daniels and Sons,4093.23,2385,"72956 Tate Curve Suite 960
Jeffreyfurt, TX 29334",
Glass-Santos,4428.29,2386,"USS Owens
FPO AP 89493",
Allen-Cooper,3725.43,2387,"7733 Johnson Mission
New Joshua, MH 71706",
Williams-Griffin,1179.67,2388,"643 Jefferson Islands Apt. 770
Port Nathan, MH 46814",
Caldwell-Riley,3342.36,2389,"211 Martin Village Suite 504
Woodstad, CT 59290",
Smith Ltd,711.5,2390,"6866 Burgess Track
Bellbury, AR 97830",
Martin-Hartman,2211.4,2391,"217 Bryan Divide
Kennethton, MS 60126",
Hall Ltd,4123.38,2392,"09503 Fuller Mount Suite 191
East Dawnville, FL 61564",
"White, Hunt and Hogan",3928.82,2393,"530 Parks Circles
Harrisonburgh, VI 30643",
"Gilbert, Hall and Keith",2287.73,2394,"32593 Misty Lake
South Beth, MO 22036",
Myers-Anderson,774.83,2395,"688 Burns Fork Apt. 253
Garrettview, NY 71563",
Jones LLC,794.91,2396,"448 Pruitt Ports Apt. 619
Port Lori, IL 60811",
"Crawford, Patterson and Black",2141.86,2397,"85882 Jesse Crescent Apt. 314
Gregoryport, CT 02916",
Butler-Allen,2581.42,2398,"1572 Berry Viaduct Apt. 320
Teresaland, SD 91988",
Monroe and Sons,4841.22,2399,"Unit 2049 Box 2353
DPO AA 05541",
"Johnson, Jones and Velasquez",3290.03,2400,"1205 Yvette Forks Suite 765
Frankview, RI 53114",
Juarez Inc,4717.73,2401,"287 Daisy Dam
Heatherfort, RI 78893",
"Donovan, Franklin and Herrera",1881.98,2402,"12274 Ian Valley Apt. 452
West Geraldbury, NV 68185",
Pearson-Harris,4264.13,2403,"197 Lauren Alley
Victoriaville, WV 21959",
Santos PLC,656.51,2404,"148 Byrd Fork
North Mary, AS 60213",
Hodge and Sons,1176.06,2405,"25345 Amanda Dale Suite 800
Yangfurt, MO 14020",
Johnson-Henderson,1711.82,2406,"4560 Carter Mills Suite 429
Mooremouth, MO 84339",
Salinas-Burnett,3617.03,2407,"13865 Gray Falls Apt. 110
Danielbury, WY 00538",
"Williams, Clark and Farmer",677.58,2408,"768 Flores Point
Garymouth, GA 66085",
Stark Inc,1786.9,2409,"846 Lopez Court Apt. 921
Port Philip, PA 83637",
Garcia-Murray,1802.0,2410,"488 James Pike
East Brandy, MA 96251",
"Travis, Davis and Haney",3814.62,2411,"6835 Christian Park
Smithberg, AZ 09179",
"Hodges, Chapman and Thompson",4379.6,2412,"171 Brown Gardens Suite 533
Port Ashleyville, FM 01182",
Tanner-Lambert,4433.9,2413,"2446 John Squares
Victorberg, AS 48713",
Hunter Inc,3212.85,2414,"8171 Reyes Hill
North Danielle, KY 11292",
Green PLC,4215.87,2415,"9176 Deborah Harbor
Paulmouth, KS 00763",
Mckay Group,2764.96,2416,"383 Judy Ways
Lake Rachel, NM 43542",
Jones PLC,3110.56,2417,"754 Lee Garden Suite 516
Brownton, DE 65185",
"Cochran, Johnson and Jackson",546.98,2418,"397 Gates Lock
Keithfurt, AK 62386",
Berger LLC,997.04,2419,"97428 Rodney Shore Apt. 664
Cookberg, ND 97168",
Patterson-Anderson,4300.51,2420,"480 Carpenter Cove Apt. 443
Jonesport, OR 78256",
Tyler-Harvey,4452.04,2421,"45663 Douglas Parkway
Port Michael, PW 01081",
Black LLC,3709.25,2422,"94396 Jonathan Green Suite 948
New Johnfurt, PR 89480",
Clayton and Sons,1245.67,2423,"44286 Victoria Corner Suite 931
Katrinaland, MD 25639",
"Howard, Sosa and Johnson",1236.51,2424,"12306 Garcia Burg
Johnsonborough, DE 47789",
Klein PLC,4929.26,2425,"Unit 2142 Box 9129
DPO AP 37603",
Jones-Hansen,3844.12,2426,"60433 Eaton Stream
Michaelstad, AR 25201",
"Weaver, Nelson and Pearson",3895.99,2427,"67301 Dean Gardens Apt. 766
Port Amanda, MI 12308",
Griffith PLC,4498.0,2428,"2083 Carter Mews Apt. 890
East Steven, HI 11949",
Webb and Sons,4918.0,2429,"82791 Barnes Courts
Lake Victoriamouth, IN 70316",
Moore Inc,721.44,2430,"3779 Gates Cape
West Alyssa, NM 29207",
"Copeland, Villarreal and James",1019.32,2431,"46349 Anderson Divide
Rhodeschester, VA 86614",
Mitchell-Zimmerman,981.82,2432,"8612 Frye Valley
South Susan, WA 53493",
Herman-Carey,3971.02,2433,"4103 Ashley Street
East John, KS 63105",
Williams-Huang,4300.11,2434,"PSC 5219, Box 5272
APO AE 88627",
Ashley-Ellis,1443.87,2435,"93726 Griffin Center
Brownchester, MP 95510",
Torres-Brown,4190.07,2436,"736 Michael Oval
Leeland, NM 48975",
Jones Group,4165.28,2437,"485 Daniel Glens
East Deborah, KY 64171",
Underwood-Nelson,1272.17,2438,"63566 Rita Terrace Apt. 945
West Danielland, ID 93451",
"Montgomery, Dawson and Coleman",687.61,2439,"PSC 6177, Box 3658
APO AA 22238",
Cox Inc,2514.72,2440,"2991 Angela Summit
Amandamouth, WY 53803",
Lopez-King,509.47,2441,"261 Morales Street Suite 987
South Annettemouth, IN 08448",
Jones and Sons,4217.7,2442,"64562 Hood Station
New Stephen, NJ 30877",
Bradshaw Ltd,1797.86,2443,"9627 Eric Gateway Apt. 588
Mannton, WY 12921",
"Roberts, Vargas and Jenkins",2765.57,2444,"7442 Joshua Underpass Apt. 219
East Bradleymouth, DC 06652",
Cohen PLC,3489.79,2445,"0145 Emma View Suite 477
North Normaborough, ID 55567",
"Greene, Greene and Ramirez",1372.67,2446,"863 Elizabeth Squares Suite 684
Cassidyton, AL 88180",
"Sanders, Houston and Ramirez",723.63,2447,"785 Cooley Center
Lake Ryan, ND 70295",
Young-Ayala,2245.42,2448,"USS Richardson
FPO AA 88154",
"Baxter, Jones and Armstrong",2020.49,2449,"36404 Keith Lights
South Amyberg, PA 10016",
"Cole, Murillo and Kim",3993.73,2450,"56279 Becker Branch Apt. 481
North Bobbyport, OR 38271",
"Chase, Schmidt and Castillo",827.52,2451,"732 Payne Grove
East Kimberlychester, VT 96993",
Elliott-Dickerson,680.7,2452,"07817 Daniel Plaza Apt. 967
Burgessfort, VT 60111",
Thompson PLC,4071.21,2453,"71415 Scott Glen Suite 973
Kennedyview, UT 88477",
"Barnes, Freeman and Allison",1423.63,2454,"0766 Karina Parks Suite 396
Tracyville, AS 35929",
"Davis, Jackson and Chang",1104.08,2455,"5213 Vazquez Island
Peterhaven, MA 42701",
Miller-Martin,2330.13,2456,"784 Wells Cove Apt. 848
Thompsonport, FM 29349",
Cox Inc,1975.56,2457,"477 Joseph Ports Suite 538
Orozcobury, HI 39426",
"Saunders, Hall and Bennett",3206.38,2458,"7162 Michelle Estate Suite 783
Jenniferstad, WI 74951",
Logan Inc,3473.06,2459,"320 Doyle Branch Suite 750
South Amandaside, OK 65547",
Sweeney Group,2382.81,2460,"79423 Christopher Freeway Suite 556
Thomasburgh, AZ 67770",
"Ruiz, Hughes and Martinez",1537.74,2461,"82879 Carter Highway Apt. 438
Mathewsmouth, AL 03998",
Brown LLC,1134.12,2462,"63682 Dawn Neck Apt. 509
Brooksfurt, NJ 87215",
"Turner, Mcintosh and Schwartz",4885.45,2463,"PSC 2664, Box 1111
APO AA 50465",
Bender Inc,1787.01,2464,"549 Burke Track
Stephenburgh, UT 20189",
Jones PLC,4349.06,2465,"5154 Jennifer Meadows Suite 467
Lake Christina, GA 70686",
"Anderson, Williams and Young",3973.19,2466,"0586 Gonzales Shores
South Julieburgh, GU 77189",
Smith-Wallace,3705.85,2467,"0160 Kim Shores
Stevemouth, AL 84755",
"Gonzales, Hahn and Campbell",1906.68,2468,"3072 Diaz Ford Apt. 055
Tanyamouth, WI 06497",
"Wolf, Mccoy and Miller",3514.32,2469,"410 Phillips Bypass
North Michael, SC 76796",
"Cruz, Jones and Smith",1790.11,2470,"USNV Wolf
FPO AA 16183",
Lee and Sons,4364.14,2471,"USCGC Gonzalez
FPO AA 04001",
Bray LLC,2623.06,2472,"67161 Finley Cliff
Port Lorraine, NM 22242",
"Howe, Austin and Santana",4399.88,2473,"Unit 4444 Box 6264
DPO AE 20975",
Crawford-Howard,3166.44,2474,"Unit 0165 Box 4684
DPO AA 68609",
Clay Group,661.06,2475,"353 Campbell Causeway
North Jodi, MA 05325",
Washington-Porter,4222.29,2476,"52992 Andrews Greens Apt. 501
Nicoleview, PR 74416",
Wiley Group,3034.27,2477,"0078 Bailey Road
East Tonya, FM 21062",
"Richardson, Chavez and Oconnell",1968.34,2478,"5591 Kent Parks Apt. 893
Williamborough, AR 78189",
Delgado Ltd,2039.94,2479,"19213 Daniel Rest
Lake Janet, NH 73801",
Smith-Dudley,2261.1,2480,"555 Lloyd Courts
East Reginaldtown, MN 93046",
Rubio-May,2179.84,2481,"USNS Sexton
FPO AP 83865",
Williams Inc,3157.9,2482,"470 Kelly Dale Suite 274
Bradleyhaven, MA 81336",
Jensen LLC,2706.67,2483,"4741 Brianna Motorway Suite 369
Dennisville, NC 61825",
Hernandez-Howard,3746.35,2484,"513 Krause Walks
Ellisview, AK 48850",
"Gibson, Franklin and Acosta",2334.53,2485,"9746 Eric Mall
Jacksonberg, MD 27706",
Valencia-Johnson,914.61,2486,"0867 Davis Ports Apt. 727
Boydmouth, WV 61868",
"James, Campbell and Nguyen",773.8,2487,"319 Mcbride Courts
West Mariomouth, AK 56851",
Gomez-Browning,2728.33,2488,"7275 Klein Valleys Apt. 664
North Amber, ND 81167",
"Bennett, Aguirre and Hicks",1559.78,2489,"02614 Nicole Mews
Port Patriciaview, CA 96420",
Grant Ltd,3610.55,2490,"0153 Julie Burg Apt. 807
New Sarahview, MO 69063",
Jones-Olson,1803.94,2491,"USS James
FPO AP 63117",
"Barry, Weiss and Reyes",4474.28,2492,"528 Lisa Mill Apt. 252
Rodneyborough, MO 50529",
"Robinson, Rodriguez and Hansen",1647.05,2493,"48261 Vaughn Highway
Brittanybury, UT 34546",
"Duffy, Price and Roberts",2867.3,2494,"212 Sherman Summit
Port Christinestad, VA 21649",
"Rowe, Sanford and Petersen",4355.28,2495,"6970 Cynthia Gateway Apt. 748
Lindseyside, WI 57397",
"Moore, Browning and Davis",4142.85,2496,"USS Rich
FPO AP 97775",
Harris Inc,559.93,2497,"USNS Sexton
FPO AP 80060",
"Griffin, Chambers and Castro",4922.27,2498,"4321 Stevens Stream Apt. 201
Juliatown, WV 52278",
Scott Ltd,4645.48,2499,"79457 Bender Road
Hughesfort, WV 77634",
"Porter, Murphy and Sharp",2003.65,2500,"40497 Barton Shores Suite 048
Matthewshire, AS 50325",
Hernandez-Wilkerson,915.59,2501,"87250 William Street
Lake Lisastad, AL 05688",
Miller-Evans,4460.72,2502,"113 Rita Dam Suite 161
Timothyville, VI 33340",
"Lambert, Webster and Herman",662.24,2503,"70864 Kayla Garden Suite 432
South Christina, AS 51823",
Goodman PLC,1904.15,2504,"360 Melissa Via
Smithmouth, WY 68022",
Ruiz-Davidson,4256.52,2505,"692 Melton Viaduct
Port Brianville, VI 62975",
Henry Ltd,1187.56,2506,"PSC 8027, Box 3701
APO AA 28280",
Merritt-Harding,2824.37,2507,"6570 Fernando River Suite 652
Barnesside, AS 80833",
Anderson Group,614.24,2508,"86316 Jeremy Corners
Conleyport, AR 30644",
"Lewis, Roberts and Phillips",4032.2,2509,"Unit 7899 Box 6382
DPO AA 85941",
Wise-King,3010.47,2510,"789 Cunningham Mountain
West Aprilstad, AR 66576",
Oliver PLC,2047.74,2511,"04080 Payne Springs Suite 559
West Lawrence, MA 14920",
Simmons and Sons,3344.36,2512,"721 Darryl Field
East Brian, NY 27134",
"Foley, Sparks and Moore",2001.86,2513,"73877 Bennett Lake Apt. 459
North Jacquelineville, MA 69732",
Jordan-Johnson,2460.69,2514,"239 Lee Wall Suite 152
North Christopher, MP 30420",
Diaz-Chang,971.09,2515,"PSC 2585, Box 0403
APO AP 05562",
Smith-Stephenson,2245.34,2516,"8038 Ramsey Common
Lake Pedro, NC 28377",
"Mullins, Mullen and Ramos",1709.51,2517,"83001 Alexandra Ports
East Erinfurt, WY 15918",
Randall LLC,2246.31,2518,"8707 Mullen Isle
Davidfurt, MI 08379",
"Nguyen, Ross and Strong",2283.22,2519,"790 Long Parks Apt. 587
Westtown, AK 82848",
Smith-Peterson,4447.32,2520,"1946 Brewer Vista Suite 195
New Kathleenmouth, IA 76400",
Jones-Pittman,820.74,2521,"311 Reyes Circles Suite 393
West Levimouth, OR 62451",
Marquez Group,2870.91,2522,"0606 Veronica Branch Suite 366
Reynoldsbury, IA 06360",
Smith-Hanna,2036.19,2523,"8469 Kimberly Shores
Nicoleton, WY 47706",
"Carter, Steele and Cox",2450.66,2524,"39701 Martinez Wells
Johnsonberg, AS 22874",
"Villegas, Pierce and Hernandez",1122.99,2525,"Unit 4088 Box 6361
DPO AE 36924",
Gutierrez-Goodman,3855.16,2526,"PSC 7207, Box 4675
APO AP 04490",
Bell PLC,2950.24,2527,"22278 Thompson Squares
Tylermouth, AK 17407",
Richard Group,1678.05,2528,"59930 Hoffman Shoals
Whitehaven, DC 35581",
"Warner, Harris and Carrillo",1370.68,2529,"5925 Brian Prairie Suite 516
Ellisbury, FL 39308",
Woods-Young,2601.74,2530,"764 Laura Manors
Port Kimberly, IA 86853",
Chapman-Kim,3074.28,2531,"754 Robertson Inlet
West Jason, NY 97248",
"Kirby, Skinner and Harris",1335.57,2532,"Unit 9807 Box 8277
DPO AA 72372",
Jenkins Group,4668.75,2533,"745 Coleman Union Suite 475
Port Margaretshire, AK 42547",
Soto LLC,2028.42,2534,"66934 Kim Run Apt. 836
Lake Mary, WI 73343",
Young Inc,1340.3,2535,"8429 Walker Meadow Apt. 021
East John, ID 10277",
May PLC,4915.68,2536,"91353 Alexander Viaduct
Carolview, AK 28276",
Robinson Inc,681.16,2537,"511 Jessica Pine
Nathanberg, ID 66975",
"Bowman, Randall and Williams",3041.63,2538,"15031 Joshua Mission Suite 642
Brooksport, CA 72578",
"Wilson, Suarez and Hawkins",4700.23,2539,"817 Rodney Haven
Crawfordton, SC 39524",
Suarez PLC,2400.3,2540,"05904 Ashley Forks Suite 868
Morrisbury, OH 82611",
Schmidt-Silva,3829.96,2541,"26684 Jonathan Overpass
Adamsside, OK 56516",
Gonzalez Ltd,2286.37,2542,"522 Erik Locks Suite 111
South Lisa, GU 77009",
Lam-Lee,1377.53,2543,"264 Vang Squares
New Jeffrey, MD 75521",
Fox-Russell,3060.99,2544,"8506 Spencer Route Suite 222
South Michaelberg, OH 12457",
Sutton-Douglas,3819.31,2545,"579 Kathy Club
New Chad, FM 45191",
Gibbs-Scott,706.89,2546,"978 Pace Glen Apt. 764
North Matthew, MI 22054",
Tran-Rosario,2631.97,2547,"1299 Crystal Crossroad Apt. 384
New Leslieburgh, ID 53277",
"Martinez, Kramer and Hansen",2662.69,2548,"58100 Michael Dam Apt. 218
Rickyton, ND 65736",
"Mccoy, Davis and Jones",1072.93,2549,"50575 Brooks Camp Apt. 851
Lake Christopher, AR 65789",
"Hale, Young and Williams",3696.08,2550,"45414 Howard Inlet Apt. 978
Juanport, PR 14744",
Alexander Group,1170.62,2551,"211 Rojas Union
New Brandonburgh, MD 07008",
"Novak, Walker and Mitchell",894.89,2552,"7195 Jonathan Track Suite 095
South Samantha, MI 45678",
"Hernandez, Bell and Hernandez",4529.05,2553,"43649 Jacqueline Mews
Davidfurt, NY 71161",
"Ramirez, Rodriguez and Adams",4527.87,2554,"PSC 6804, Box 1785
APO AE 28064",
Stevens-Hall,1247.87,2555,"72589 Reynolds Port
New Mary, CO 30602",
"Orr, Jones and Smith",3941.95,2556,"3122 Casey Junction Apt. 510
Cassandraview, NV 08004",
"Carter, Gibson and Maxwell",4713.78,2557,"5774 Vincent Ranch
Louisview, AK 97790",
Ferguson-Noble,4291.08,2558,"473 Susan Brooks Apt. 592
Harperville, KY 16488",
Ortiz LLC,4203.09,2559,"9082 Ferguson Mill Suite 481
South Jimbury, OH 60022",
Stein Inc,716.27,2560,"96664 Johnson Pine Apt. 924
Greenberg, DC 26527",
"Lynch, Thomas and Walter",624.17,2561,"4089 Corey Harbor
Reedfurt, MD 88485",
Cantrell Inc,4214.0,2562,"09833 Anthony Rue
Lambertberg, PR 51982",
Peterson-Sharp,4512.64,2563,"16532 Justin Ramp
Port Jessica, AK 27393",
Lee-Lopez,4236.75,2564,"587 Hunter Corner
New Gloria, AZ 80195",
Keller PLC,4238.51,2565,"4673 Hall Brook
Port Anthonyfort, FM 66062",
"Murphy, Leon and Hughes",3711.72,2566,"3786 Joseph Trafficway
New Markburgh, WY 94792",
"Morgan, Gordon and Burns",1966.95,2567,"74525 Hernandez Fields
West Tiffanystad, KY 36689",
Munoz-Martinez,943.61,2568,"686 Billy Burg
Boydside, TX 49522",
Knight Group,3961.29,2569,"390 Lewis Court Apt. 156
Lake Kellyview, MD 86785",
Porter Inc,2910.24,2570,"0452 Karen Track
Loriport, WA 31675",
Vasquez Inc,3577.22,2571,"52162 Petersen Drive
New Williamberg, PA 71107",
Wells PLC,3325.7,2572,"4767 Turner Viaduct Suite 309
New David, WY 37459",
Reyes-Bailey,2697.82,2573,"1508 Ferguson Terrace
East Jonathan, WA 86921",
Bright Group,4924.29,2574,"022 Rebecca Unions Apt. 360
Hayeston, NE 94698",
"Frederick, Mathis and Terry",4918.51,2575,"77745 Rose Prairie Apt. 219
Nicholasport, AS 18064",
"Harrison, Horne and Moreno",2448.19,2576,"PSC 6874, Box 6479
APO AE 79507",
Duran-Watson,4097.4,2577,"135 Steven Turnpike Apt. 122
Berryport, PA 89966",
"Edwards, Davis and Sanders",1008.1,2578,"28826 Bryant Parkway Suite 631
New Aliciaberg, NH 50874",
Harris PLC,4799.28,2579,"240 Lisa Divide Apt. 495
Andersonfort, CO 04187",
Summers-Villanueva,3324.58,2580,"896 Taylor Locks
Heathertown, AK 53908",
"Morris, Scott and Miller",4405.52,2581,"8196 Moore Vista Suite 628
South Deborah, AL 96649",
Gibson-Olson,1582.76,2582,"8789 Christy Pine
Walkerfurt, ID 53542",
Hill Inc,3837.67,2583,"54837 Obrien Harbor Apt. 963
West David, NJ 70507",
Sanders-Taylor,3594.2,2584,"21896 Patrick Manors
Melissaport, OK 80779",
"Conley, Anderson and Turner",4635.25,2585,"099 Melanie Junction
Washingtonland, GU 54230",
Blanchard and Sons,2096.53,2586,"8417 Joseph Fort
Cooperview, NH 72096",
Smith-Boyd,1644.35,2587,"44434 Delacruz Crossing
North Ashleeville, TX 84214",
Horton-Liu,4126.38,2588,"827 Miller Highway Suite 312
South Andrew, SD 91547",
"Oconnor, Smith and Barnes",2918.85,2589,"21837 Miller River Suite 728
East Josephfurt, TX 90952",
Gutierrez-Webb,1217.36,2590,"6570 Thomas Via
Darylmouth, FL 45703",
Hughes-Barry,3783.09,2591,"USNV Becker
FPO AA 91568",
Alvarez Group,3126.46,2592,"11640 Russell Locks
North Brooke, FM 93892",
"Espinoza, Conway and Acosta",3517.64,2593,"900 Jones Drive Apt. 610
North Jacob, OK 57898",
"Bailey, Jacobs and Murray",4362.73,2594,"Unit 2119 Box 2101
DPO AA 29333",
Garcia-Boyle,4463.94,2595,"28153 Spencer Junctions
North Ariana, NV 27765",
Kirk-Stevenson,2869.56,2596,"0311 Wright Forge
Crawfordport, VT 36129",
Nelson Group,4716.16,2597,"4504 Becker Keys
West Vanessa, MO 60453",
Wright PLC,1488.53,2598,"254 Cassandra Fort
Davidview, DE 00586",
"Wright, Watkins and Taylor",1689.25,2599,"728 Cameron Row Suite 727
New Jessicastad, OK 16338",
"Kent, Perez and Henderson",2115.68,2600,"PSC 5379, Box 2698
APO AA 83269",
Hudson LLC,3931.55,2601,"68190 Stein Islands
East Jeremy, NC 45407",
Pham-Wood,3649.45,2602,"8472 Robert Knoll
South Sandra, NC 87203",
Parsons Group,2522.97,2603,"PSC 9030, Box 4405
APO AA 08874",
"Johnson, Davis and Wolfe",2769.54,2604,"20276 Jones Shoals
New Andre, NJ 37041",
"Farley, Johnson and Alvarado",1721.04,2605,"0987 Jones Isle Suite 907
Jacksonside, FL 75038",
Barnett LLC,3163.39,2606,"13457 Gibson Manor
Port Brenda, MT 82238",
Gonzalez-Huff,3090.09,2607,"0281 Morris Forks Suite 126
Danielstad, SD 47786",
Curtis Ltd,4803.73,2608,"677 Marshall Pike
Catherineberg, ME 08629",
Smith-Johnson,1073.27,2609,"584 Michelle Squares
Stevenbury, KY 57072",
Cantu-Butler,925.66,2610,"15890 Carrie Isle
Ariashaven, HI 43634",
Smith and Sons,1362.82,2611,"47666 Ralph Mountain
North Ashley, NH 44156",
Cobb Group,4668.26,2612,"USNS Bailey
FPO AP 66494",
"Lewis, Davis and Cook",2002.92,2613,"Unit 7043 Box 4060
DPO AA 05258",
"Douglas, Aguirre and Gregory",4189.23,2614,"6503 Kayla Camp Suite 303
New Paulaland, PW 65144",
Burton-Mendez,2366.74,2615,"7863 Miller Flat
North Danaton, RI 59098",
Nguyen Ltd,2697.37,2616,"72536 Turner Lane
Cordovafurt, OH 45489",
Trujillo-Carrillo,2019.62,2617,"259 Frederick Mews
Ashleyburgh, RI 99037",
Lindsey-Vasquez,590.55,2618,"303 Michael Port Apt. 041
West Maria, PW 77319",
"Carroll, Hayes and Schaefer",2019.34,2619,"7622 Anna Branch Apt. 434
Stoneland, CT 24042",
"Reynolds, Fields and Williams",2414.37,2620,"USCGC Mendez
FPO AA 49829",
Craig-Wu,3058.5,2621,"49050 Chad Gardens Apt. 361
Leehaven, SD 43551",
"Baker, Randall and Coleman",2308.29,2622,"8471 Kimberly Ports
Jonesmouth, MT 62796",
"Lopez, Weaver and Baxter",607.61,2623,"0347 Pamela Pines
South Rodney, OH 22544",
Blair-Tate,4143.49,2624,"193 Hatfield Terrace Apt. 424
Lake Kenneth, AR 01970",
"Thompson, Hogan and Reed",793.47,2625,"076 Daniel Lights
Murphymouth, WY 11938",
Ferguson-Francis,1242.78,2626,"45210 Owens Dale
Danielmouth, PR 64914",
Anderson Ltd,4566.28,2627,"PSC 0170, Box 0911
APO AA 56159",
"Moore, Maxwell and Moreno",2989.5,2628,"9919 Herman Wall
Robertoport, PW 77603",
David Ltd,3475.66,2629,"78033 Delgado Shoal Apt. 919
Thomasside, CT 16978",
"Morton, Robinson and Neal",1066.93,2630,"3678 Dixon Tunnel
Charlesfort, TN 36701",
"Hernandez, Cox and Davis",2756.18,2631,"PSC 1092, Box 5899
APO AA 46668",
White-Hayes,3873.78,2632,"294 Hammond Wall Apt. 351
Roblesland, GA 65046",
Jimenez-Colon,4761.87,2633,"05898 Heather Mews
Lake Taylor, FL 13842",
Nolan Ltd,4650.83,2634,"USNV Mayer
FPO AE 34764",
Banks-Owens,3730.76,2635,"13509 Velez Dam Suite 548
Port Jason, NM 83763",
"Cook, Howard and Miller",1639.79,2636,"35456 Tina Curve
Cynthiaview, SC 22051",
Allen-Garcia,4521.73,2637,"978 Gonzalez Park Suite 554
North James, LA 08359",
Sullivan LLC,3787.16,2638,"9637 Jacob Grove
Garciastad, AR 20399",
Johnson-Ramos,517.58,2639,"PSC 2209, Box 8317
APO AP 67969",
Nichols-Bridges,4646.88,2640,"5750 Thompson Cove
East Andrewhaven, AS 75588",
Morgan Ltd,4943.71,2641,"86358 Ross Isle
West Kevin, AK 23081",
Morris-Vang,641.95,2642,"53378 Gonzales Causeway Suite 136
Abbottside, FL 44909",
"Ellison, Hayes and Kim",2444.61,2643,"14901 Brittany Forks Apt. 761
Justintown, FM 98296",
Cox Group,2312.92,2644,"5345 Campbell Club Suite 715
Port Cliffordfurt, VA 08083",
Brooks Ltd,1180.28,2645,"16226 Kemp Squares Apt. 846
North David, KS 31092",
"Snow, Simpson and Kelley",1399.48,2646,"2259 Christina Hollow
Smithside, TN 18207",
Parsons LLC,2828.87,2647,"Unit 7000 Box 2730
DPO AA 21570",
"Buchanan, Collier and Hampton",4691.11,2648,"698 Fox Forest Apt. 453
West Katherine, CT 16017",
Hernandez Inc,4402.98,2649,"053 Alice Knolls
South Laurie, MH 63362",
Peters-Cline,2360.68,2650,"0765 Christina Trafficway Apt. 877
Jonathanberg, AK 78173",
Clark-Mitchell,4264.52,2651,"285 Kathryn Parkway Suite 005
East Josephmouth, IL 51418",
Rodgers-Alvarez,4260.52,2652,"504 Carr Fort Suite 406
West Jamesfurt, PW 69907",
Green and Sons,2986.02,2653,"295 Brown Springs
South Nathanielbury, PA 11803",
Murphy-Oneill,3569.83,2654,"7154 Andrew Stravenue Apt. 874
Wolfemouth, AL 43830",
"Davis, Neal and Smith",3981.78,2655,"8567 Kendra Walk
Port John, WY 96614",
Wilson PLC,4511.66,2656,"29590 Brandon Mall Apt. 667
Stantonburgh, OH 80216",
"Lee, Davidson and Simpson",2947.64,2657,"426 Higgins Harbor
Andersonside, VI 66921",
Bennett-Chapman,3024.65,2658,"9183 Mary Vista Apt. 854
Johnborough, AK 15355",
Mcfarland LLC,2078.66,2659,"0742 Eric Rue Suite 577
Markview, IL 26543",
Mcintosh and Sons,4312.93,2660,"986 Cook Freeway
Lake Bethfort, OK 42764",
"Murray, Harris and Trevino",3993.22,2661,"15339 Ronald Port Apt. 128
Rossstad, IL 03800",
Sampson Ltd,1781.5,2662,"PSC 8016, Box 4709
APO AP 93776",
"Rodriguez, Carpenter and Hodge",3660.84,2663,"25057 Ashley Fork Suite 408
West Jennifer, NJ 21649",
Collins PLC,1694.76,2664,"961 Evan Ford
West Michael, OK 74770",
"Day, Young and Neal",2840.63,2665,"735 Davidson Ports
West Johnchester, GA 75727",
Clark Group,2995.31,2666,"736 Kimberly Meadows
Port Davidhaven, SD 11968",
Mccormick-Bass,4467.36,2667,"661 Wise Turnpike
Smithbury, KS 17378",
"Higgins, Williams and Little",2644.51,2668,"62567 Giles Locks Apt. 182
Andrewberg, KS 83946",
Chavez-Brown,520.65,2669,"9595 Garcia Land
North Robert, WI 91466",
Maxwell-French,3442.49,2670,"6824 Timothy Summit Suite 313
Daleborough, GU 69494",
Brown-Tyler,1968.01,2671,"290 Anderson Views Suite 950
Andrealand, MP 87196",
Graham-Santos,4816.71,2672,"309 Peterson Flat
West Michael, IL 06688",
Stanton-Hill,3377.76,2673,"1249 Martinez Groves
Lake Royport, LA 37727",
Becker Group,965.85,2674,"093 Douglas Flats
Hardyton, MP 92191",
Brown Inc,1993.21,2675,"555 Rodriguez Forks Apt. 233
West Samanthamouth, SD 30491",
Molina PLC,2169.22,2676,"57200 Laura Flat Apt. 539
Whiteshire, NM 84542",
"Wilson, Lyons and Evans",4140.8,2677,"397 Flowers Rapids
Lake Jasonton, FL 90239",
Freeman Inc,2467.81,2678,"7808 Sheila Run Suite 558
South Hunterhaven, ND 28364",
"Smith, Baker and Hernandez",1724.34,2679,"Unit 8499 Box 8465
DPO AA 26079",
Miller and Sons,4790.78,2680,"07191 Kimberly Roads Suite 343
Simmonshaven, SC 39527",
"Bell, Harvey and Kirk",2533.17,2681,"140 Rachel Union
Dawnborough, MI 89681",
Reed-Austin,1830.13,2682,"05654 Michele Lake
Emilyfurt, RI 27422",
"Trevino, May and Haynes",4934.52,2683,"639 Ryan Mission Suite 704
New Dennisfurt, PR 87989",
Webster LLC,3414.24,2684,"15193 Lang Roads
Tuckerborough, NC 16138",
"Smith, Castillo and Mack",2564.91,2685,"227 Davis Via
Weststad, ID 66478",
"Gonzales, Rose and Bell",2538.98,2686,"4708 Janet Rest
Jamesmouth, NC 88535",
Martinez-Bowman,892.73,2687,"30638 Nicholas Villages Apt. 966
North Oscar, NJ 91759",
Sullivan Group,4854.4,2688,"5537 Gaines Harbor
Port Joel, ND 65120",
"Scott, Rodriguez and Castro",2330.33,2689,"6420 Aguilar Forest Suite 316
Lake Danielmouth, AL 01107",
"Fowler, Green and Wright",1170.52,2690,"571 Carson Forest
Racheltown, AS 99363",
Sanchez-Clark,3571.33,2691,"119 April Fields Apt. 584
South Loriside, AZ 46560",
Carpenter PLC,1228.8,2692,"USCGC Carter
FPO AA 90193",
Casey-Robbins,3646.4,2693,"815 Mendoza Divide
Adamborough, MP 68566",
Owen Inc,2082.43,2694,"PSC 1410, Box 0859
APO AP 10682",
"Evans, Henry and Howell",1351.5,2695,"1598 Young Causeway
Smithberg, AR 73753",
Stevens LLC,2320.07,2696,"417 Miller Roads Suite 010
New Yvonne, MI 16979",
Jones LLC,3471.89,2697,"0519 Perry Parkways Suite 306
Albertside, FL 46213",
Newton Inc,3456.96,2698,"Unit 7720 Box 3141
DPO AP 78722",
"Lee, Pierce and Porter",3444.99,2699,"PSC 5746, Box 0679
APO AA 66324",
Farley PLC,4557.37,2700,"Unit 2645 Box 1842
DPO AE 61478",
Irwin LLC,2587.47,2701,"779 Mark Common Suite 544
Katherinechester, NC 35210",
Reese and Sons,1320.0,2702,"9690 Jesse Circles Apt. 130
Farrellhaven, KS 03512",
Hayes and Sons,4834.25,2703,"605 Nelson Lodge
Andrewton, KS 75741",
Glass Ltd,1640.76,2704,"91307 Joshua Radial Apt. 188
Bryantview, AK 37664",
Carter Group,1966.29,2705,"8618 Morrison Grove Apt. 476
Nicolechester, VT 94964",
"Lopez, Jackson and Johnson",967.27,2706,"441 Danielle Crescent
Timothyton, IA 09697",
Thompson Group,1799.03,2707,"27454 Kenneth Mews
New Dana, AL 20553",
Mendoza Ltd,4743.05,2708,"0618 Cindy Keys Apt. 139
Sullivantown, FL 44516",
Farmer LLC,2738.86,2709,"767 Rivera Avenue Suite 641
South Keithfort, NV 60885",
Adams-Richards,3534.38,2710,"78533 Boone Station Apt. 204
Port Thomas, SC 23915",
Savage Ltd,1556.64,2711,"9759 Moore Gardens
East Matthew, HI 07388",
"Sims, Nelson and Sanchez",3900.6,2712,"44619 Scott Square Apt. 388
Joannafort, KS 63630",
Ford-Tyler,4800.27,2713,"81945 Jennifer Park Apt. 619
West Joel, VI 05300",
Taylor-Sanchez,3367.65,2714,"265 Moran Road Suite 380
Underwoodberg, DC 43249",
Ibarra Ltd,4248.71,2715,"86331 Clark Streets Apt. 631
New Joy, CA 25854",
Love-Miller,4096.63,2716,"644 Zachary Unions
East Russell, FL 21970",
"Hood, Davis and Padilla",1195.54,2717,"053 Smith Haven
Gutierreztown, AS 89319",
Nelson-Smith,2347.87,2718,"6910 Joshua Roads Suite 560
North Danielburgh, KS 28918",
Patterson PLC,4435.45,2719,"USNV Parker
FPO AE 15866",
"Tran, Ramos and Mann",1080.56,2720,"1020 William Pass Suite 509
Lake Ryan, NH 60484",
Turner Ltd,3802.04,2721,"682 Ann Mountain Apt. 233
Kimfurt, VT 29485",
Gomez Group,2836.3,2722,"6841 John Ford
Patriciastad, LA 46181",
"Turner, Stewart and Nash",1206.23,2723,"979 Miles Overpass
Kingstad, MO 56895",
"Fitzpatrick, Delgado and Knight",2955.49,2724,"Unit 5123 Box 9718
DPO AP 85676",
"George, Thompson and Martinez",922.46,2725,"60085 Hayden Route Apt. 602
Bondland, TN 74896",
Allen and Sons,2127.61,2726,"9508 Baker Mall
Garyville, ME 15569",
"Young, Jones and Webb",2780.67,2727,"810 David Walk Apt. 165
North Kevinfort, GA 94336",
"Cox, Carroll and Jones",2918.18,2728,"Unit 2846 Box 3714
DPO AP 50410",
Jones Inc,4212.02,2729,"1045 Tucker Land Suite 918
Cameronhaven, ND 36638",
Simpson-Sheppard,2632.53,2730,"14348 Hampton Pine
Meganburgh, NY 32157",
Perez Ltd,4166.68,2731,"000 Solomon Lock Suite 887
Joneston, ME 95800",
Serrano-Green,4543.61,2732,"91669 Marshall Alley
Cruzview, IL 59230",
"Williams, Beard and Warner",637.49,2733,"1261 Irwin Ridge Suite 576
Stewartmouth, MN 19822",
Navarro-Vaughn,584.7,2734,"2453 Jones Island
Littlestad, OR 53502",
"Fowler, Young and Simmons",4756.79,2735,"4151 Mike Glen
Sueland, PW 77193",
Bray-Murphy,3122.31,2736,"4300 Bradford Wall
Port Brianberg, CT 39523",
Smith-Jackson,2085.56,2737,"PSC 4697, Box 0734
APO AE 67537",
"Ramos, Lowe and May",4272.21,2738,"7527 Love Route
Port Feliciafort, VT 54189",
Morales LLC,2323.62,2739,"826 Scott Place Suite 485
Port Samanthatown, IL 42232",
Francis Ltd,2255.97,2740,"PSC 6714, Box 5075
APO AP 55826",
"Welch, Vega and Figueroa",2179.36,2741,"3079 Parker Islands
West Johnny, MN 80241",
Hunter-Garcia,3123.53,2742,"0529 Jimmy Light Suite 636
Lake Stacyside, GU 12729",
Calhoun and Sons,2626.95,2743,"1869 Ramos Dale Suite 681
East Nancy, DE 77553",
"Holt, Oliver and Williams",4634.76,2744,"3734 Scott Fall
East Johnbury, AS 01483",
Perez Ltd,4058.23,2745,"3149 Robertson Dale Apt. 955
North Elizabethberg, KS 77446",
Cox-Harris,1890.26,2746,"7719 Jessica Lock
West Kimberly, IN 12607",
Love-West,1360.19,2747,"6728 Thomas Crossing
New Randy, ND 94623",
Espinoza-Terrell,975.77,2748,"USCGC Rivera
FPO AA 97700",
Williams LLC,3201.99,2749,"503 Hayes Mission Suite 868
West Kellyview, VI 10514",
Perez-Bowman,1302.38,2750,"PSC 2809, Box 2050
APO AP 21596",
Haas-Peterson,4629.32,2751,"Unit 1534 Box 9457
DPO AE 81935",
"Long, Romero and Vincent",2147.06,2752,"8412 Robertson Path
Sherrifurt, VT 66506",
George-Alvarez,2745.63,2753,"889 James Falls
Martinburgh, NE 90859",
"Powers, Reese and Long",3656.85,2754,"195 Buckley Springs Suite 268
Port Danielport, NJ 08656",
Davis Group,1365.24,2755,"0335 Karen Lights Suite 743
West Melissaville, CT 69307",
Jennings-Roberts,3105.7,2756,"764 Edward Burg
Lake Lindseychester, PR 31060",
Torres-Ruiz,4399.56,2757,"03809 Daniel Harbors
Lake Stephanieport, MN 32576",
Mccarthy-Thompson,3454.03,2758,"7055 Perez Field Apt. 506
East Dalton, MT 41548",
Norris Group,1242.23,2759,"497 Mason Freeway
Lake Williamton, AK 24861",
"Pitts, Cook and Joseph",1057.79,2760,"9388 Jason Keys
Ramostown, PA 58689",
Mcguire-Blankenship,4814.78,2761,"3415 Shannon Circles Apt. 696
Jefferyfurt, NV 35527",
Wells-Ross,4556.48,2762,"8330 Johnson Plain
Lopezmouth, IA 26244",
Murphy PLC,850.47,2763,"33771 Matthew Run Apt. 650
West Michaelside, OH 82127",
Santana-Cabrera,1131.1,2764,"4339 Brandon Turnpike
Millerberg, NH 70178",
White LLC,1223.35,2765,"700 Meyers Lights
Lake Kennethport, IN 25044",
"Williamson, Nolan and Barnes",4375.08,2766,"9795 Matthew Inlet
Michaelland, WA 74980",
"Oconnell, Bryant and Garcia",4992.69,2767,"9860 Jones Rue
Janicebury, FL 30345",
Kennedy-Pierce,1543.93,2768,"80547 Michael Island Apt. 859
West Robertburgh, HI 23464",
"Day, Martinez and Bass",2112.55,2769,"877 Peters Track
New Austinborough, MO 93310",
Peters Inc,3115.13,2770,"399 Cristian Station
South Angela, CT 63315",
Li-Lee,3678.94,2771,"75916 Thomas Mountain
Lake Debraside, CA 16725",
"Martinez, Rose and Garcia",3961.46,2772,"USCGC Kelly
FPO AE 83755",
Jones-Allen,3295.5,2773,"914 Church Junction
East Barbaraberg, OK 36269",
"Johnson, Calhoun and Grant",2352.54,2774,"91383 Crawford Shores Apt. 167
Leonardbury, NJ 78225",
Kennedy Inc,4610.18,2775,"0940 Collins Islands Apt. 759
West Joseph, AK 08915",
Poole Group,1812.77,2776,"22234 Gonzalez Corners Suite 444
Angelaside, KS 47889",
Russell-Wagner,4835.63,2777,"43224 Barbara Fields
Markstad, OK 27976",
Townsend Group,745.82,2778,"711 Meagan Ridge
North Henrychester, WV 63641",
Jimenez-Hopkins,1641.04,2779,"USS Reid
FPO AP 78060",
Rogers and Sons,938.19,2780,"USNS Lopez
FPO AP 62085",
Fernandez-Phillips,1013.34,2781,"859 Clements Forges
New Adamberg, NC 08586",
"Turner, Holland and Leblanc",2228.7,2782,"618 Manuel Heights Apt. 178
East Katherinehaven, MN 37580",
Schultz-Moody,4833.56,2783,"648 Brown Villages Suite 814
North Tammy, UT 02643",
"Yang, Rodriguez and Hines",3416.45,2784,"12311 Daisy Pines Apt. 136
Vincentborough, FM 20608",
"Smith, Holland and Burton",554.95,2785,"USS Harrington
FPO AE 29294",
Davis LLC,3367.35,2786,"57624 Jones Street Suite 922
New Joe, CT 75155",
"Lopez, Orozco and Farmer",1817.56,2787,"49053 Gonzalez Creek
Shaffermouth, OR 60454",
"Brown, Sanchez and Moore",1814.95,2788,"8689 Carey Ranch
Jenniferborough, UT 10053",
Lynn Group,2155.96,2789,"45833 Stephenson Tunnel Suite 086
Katelynfort, SD 29126",
Lopez-Jordan,1357.88,2790,"39732 Mitchell Views Suite 983
Lyonsland, ID 86124",
Ramirez-Stone,2812.59,2791,"587 Haley Fords
Lake Jennifer, NH 74642",
Johnson and Sons,1889.79,2792,"959 Susan Viaduct
New Jeanfurt, PR 44001",
Dunn-Hardin,1327.72,2793,"23807 Cynthia Overpass Suite 518
Raymondview, VT 27318",
Salazar Group,2604.92,2794,"61319 Nichols Wall Apt. 882
Emilyview, OR 74731",
Barnes-Barrett,3881.04,2795,"81848 Alvin Groves
Simsfurt, FM 86087",
Mckenzie-Mcbride,797.64,2796,"156 Ward Rapids Suite 704
West Edward, MH 06125",
Sellers PLC,826.17,2797,"4432 Justin Valleys Apt. 646
South Colleenton, WV 37353",
"Perez, Leonard and Gibson",4357.99,2798,"3454 Arroyo Centers
South Melissa, TN 71917",
"Garcia, Kelly and Phillips",750.76,2799,"41019 James Falls Suite 515
South Cameronfort, SD 68783",
"Beasley, Jackson and Lewis",2672.61,2800,"7358 Ali Corners Suite 453
North Emilymouth, TX 22350",
Abbott Group,1214.43,2801,"23132 Travis Creek
New Amyhaven, MT 76882",
"Hurst, James and Rodriguez",1447.54,2802,"007 Bishop Brook Suite 680
Alanview, FL 83279",
Obrien-Greene,3788.35,2803,"44362 Kimberly Crescent
Clarkville, AL 74866",
Mooney-Walker,1977.06,2804,"20532 Mary Falls
Lake Linda, TX 18549",
"Carey, Doyle and Ingram",740.31,2805,"418 Billy Ville Apt. 952
Port Steven, IL 62258",
Santiago LLC,3343.37,2806,"5805 Rodney Pass Apt. 245
Port Jonathan, NV 73813",
Cox LLC,1390.86,2807,"636 Santos Harbors Apt. 655
Ruizfurt, MH 64672",
Rogers-Whitaker,3455.84,2808,"59666 James Island Apt. 929
Johnsonburgh, ID 23857",
Barr-Kemp,4662.08,2809,"PSC 9130, Box 4753
APO AP 17732",
"Fisher, Smith and Abbott",4612.76,2810,"257 Hernandez Points
Hollandmouth, PW 11236",
Nolan-Novak,1483.5,2811,"90551 Reyes Estate
Samanthamouth, HI 38593",
"Gregory, Spence and Maddox",605.03,2812,"PSC 6494, Box 1341
APO AP 64533",
"Gonzalez, Miller and Blackburn",4614.55,2813,"1194 Lindsey Plain Apt. 758
Dylanfurt, MA 32765",
Peterson-Miller,4078.18,2814,"323 Robinson Mountains
North Alyssabury, MO 04485",
Burton Group,2572.85,2815,"49144 William Parkways
New Lisa, NY 39253",
Swanson-Morris,4227.46,2816,"84450 Stein Square
Darrellmouth, FL 33275",
Fernandez-Fisher,2985.59,2817,"27627 Lisa Freeway
East Patrickmouth, MP 51381",
"Woodard, Gomez and Martin",1421.19,2818,"7266 Baird Throughway Suite 442
Arthurbury, GU 49901",
Torres Group,918.86,2819,"6384 Cassandra Meadows
Willisfort, UT 13525",
"Myers, Mosley and Wang",1328.55,2820,"693 Waters Station Apt. 962
New Robert, UT 84799",
Webb PLC,2621.9,2821,"971 Amber Via Suite 229
Mercadoland, NY 89002",
Bond-Stark,1120.14,2822,"USNS Carr
FPO AP 29989",
Garrison-Sawyer,3024.88,2823,"USNS Best
FPO AA 11504",
"Paul, Mcdonald and Marks",3439.89,2824,"575 Mason Common Apt. 695
Robinsonside, FM 75119",
Castillo Ltd,3137.33,2825,"3874 Jessica Meadow Suite 856
East Toddfurt, KY 03483",
Fleming LLC,4799.76,2826,"48884 Vaughn Parkway
East Matthewside, SC 40564",
"Small, Andersen and Brown",3593.17,2827,"1950 Matthew Springs Apt. 516
Acostachester, SD 26280",
Rivera PLC,973.31,2828,"870 Cisneros Ville
Mariahland, FL 74058",
Carter Ltd,981.53,2829,"745 Cardenas Views
North Deborahhaven, GA 55043",
Snyder-Le,3210.9,2830,"622 Chen Crossroad
Lake Daniel, WY 56433",
"Brooks, Walton and Brady",644.63,2831,"2302 Sanchez Wells Apt. 177
Griffinside, TX 60440",
Perez-Duffy,529.06,2832,"72212 Christina Dam
Larsenside, KS 47346",
Wade Group,4321.7,2833,"33602 Parker Pines
Nortonside, MT 95637",
Davis-Howe,4356.64,2834,"35755 Smith Ranch Apt. 814
South Keithburgh, DE 25965",
Phillips-Case,1836.79,2835,"14577 Christian Lights Suite 767
New Matthew, NY 78345",
Gomez-Bell,1677.35,2836,"73205 John Underpass Suite 128
Port Rebeccaberg, DE 46456",
Hanson Inc,694.94,2837,"8430 Vincent Islands
New Feliciaside, NC 35549",
Fowler Inc,4892.39,2838,"749 Giles Camp
Powerstown, PA 64956",
Barker Inc,4358.34,2839,"2336 Victoria Circle
Morsemouth, VA 32391",
Williams-Salas,3589.36,2840,"64389 Dennis Ford Apt. 774
Kimberlymouth, VA 93583",
Mckee PLC,1708.99,2841,"938 Samuel Village Apt. 686
Lake Todd, NY 27653",
Vasquez Group,2323.81,2842,"5734 Thomas Roads
North Christopher, UT 04093",
"Wells, Oconnor and Goodwin",1500.87,2843,"9765 Nicole Tunnel Suite 092
South Courtneychester, ME 46778",
"Walker, Mitchell and Wilson",4013.88,2844,"5566 Olivia Row
South Christopherfort, ME 23800",
"Hughes, Lester and Martinez",779.03,2845,"2552 Gentry Park Apt. 227
Clinemouth, OR 97532",
Flynn-Taylor,1270.65,2846,"USCGC Rivera
FPO AP 16634",
Hunt-Buck,2728.33,2847,"PSC 1755, Box 5401
APO AE 29243",
Dougherty-Camacho,2000.72,2848,"USNS Flores
FPO AP 70821",
"Perkins, Jacobson and Baker",1419.07,2849,"Unit 6734 Box 7171
DPO AE 75485",
"Stein, Mcbride and Stuart",1100.3,2850,"PSC 6034, Box 9750
APO AP 41312",
"Gray, Harmon and Wilson",2247.78,2851,"5081 Rios Burg
New Patricia, OH 50915",
Klein PLC,2384.54,2852,"6214 Kaitlyn Expressway
Smithtown, VA 06395",
Hart-Neal,4608.63,2853,"USNV Love
FPO AP 73072",
Sullivan Inc,3824.55,2854,"130 William Junction
South Kristiberg, ND 48762",
Riggs PLC,748.21,2855,"007 Anna Ridges
Mercadofurt, AR 15008",
Martin and Sons,598.85,2856,"41948 Kane Spur Suite 657
North Donna, PA 86270",
"Cooper, Thompson and Cummings",1359.19,2857,"0701 Ryan Garden
North Susan, UT 20114",
"Clark, Thomas and Williams",2906.41,2858,"482 Dawson Canyon
North Ryanfurt, MA 52454",
Dorsey Ltd,2424.55,2859,"89868 Rogers Ranch
Leemouth, IL 42962",
Brown Group,524.12,2860,"6420 Yu Via Suite 489
South Jeremychester, MH 15324",
"Hernandez, Sullivan and Perkins",3290.15,2861,"30353 Bryant Port
West Jaclynside, PR 24436",
Jones PLC,2140.77,2862,"6544 John Mount
Gonzalezborough, MH 76477",
"Murray, Stein and Jacobs",538.26,2863,"Unit 5175 Box 7024
DPO AE 19685",
Holder PLC,1530.39,2864,"31521 Coleman Springs
Mcguiremouth, VI 28340",
Mcdonald Inc,573.6,2865,"24753 Jason Rue
Lake Briannatown, VI 45823",
"Crawford, Castillo and Roberts",685.09,2866,"Unit 4226 Box 6724
DPO AA 48021",
Martin-Hendrix,4838.79,2867,"6917 Christine Trafficway
West Michael, KY 42063",
"Stewart, Alvarado and Cruz",2411.52,2868,"6803 Holly Station
Matthewtown, AZ 39614",
Barajas LLC,4722.43,2869,"72858 David Light
East Samanthafurt, DE 33613",
Williams Ltd,3431.59,2870,"08240 Richard Rue Suite 932
East Juanborough, MN 84525",
Lopez Group,663.3,2871,"821 Mark Highway
Josephport, GA 40872",
"Weber, David and Mullins",4973.67,2872,"USNV Mcintyre
FPO AA 37914",
"Newman, Huff and Miller",3888.24,2873,"PSC 7390, Box 9549
APO AA 27013",
Stokes-Curtis,2237.56,2874,"8351 Gregory Valley
Lorifort, GU 74336",
Miller Group,3940.54,2875,"665 Debra Rapid Apt. 076
Kramerfurt, TN 50095",
"Holmes, Peterson and Ryan",3216.7,2876,"48121 Thomas Station Apt. 507
Bridgetfurt, CO 60055",
Pierce Group,4054.17,2877,"749 Lori Creek Apt. 419
Mitchellton, KY 18752",
Harris-Tucker,1360.67,2878,"4786 Jennifer Trail
Port Jimmyland, WI 89869",
Hill PLC,904.56,2879,"93456 Joseph Roads Suite 428
Ryanport, WV 60228",
"Macias, Stone and Dawson",1460.14,2880,"192 Jill Rapid
Tiffanyport, AZ 54627",
Torres and Sons,4066.8,2881,"8098 Pollard Mews
Hansenbury, CO 10134",
"Williams, Oliver and Keller",1025.06,2882,"1548 Abigail Lake
New Kristine, IN 24059",
Thornton-Jones,2265.59,2883,"922 Vance Canyon
Colleenhaven, IN 56971",
Smith Group,2332.41,2884,"2395 Stone Rapids Suite 257
Port Brianton, LA 04251",
"Bryant, Bartlett and Williams",587.55,2885,"69986 Clements Islands
Atkinsberg, NY 49998",
"Ramos, Sanders and Price",2358.23,2886,"12501 Christopher Plains
Lestermouth, WA 03756",
"Scott, Torres and French",4581.86,2887,"386 Stephanie Street Suite 964
Brianmouth, AZ 29503",
Mason-Hancock,1363.8,2888,"67938 George Lodge
Martinside, CT 13483",
"Jackson, Walls and Martin",3669.48,2889,"478 Hill Green Suite 659
South Kristenton, DE 90800",
Moreno Inc,1984.86,2890,"Unit 9805 Box 7788
DPO AE 57653",
"Escobar, Johnston and Washington",804.4,2891,"255 Mcintyre Ports
East Cheryl, VI 74689",
Spence-Chen,2508.95,2892,"48669 Ryan Circles Apt. 016
North Anthony, MN 14486",
"Oneal, Hanson and Marks",4573.89,2893,"USNS Johnson
FPO AP 47500",
Copeland-Jordan,1035.39,2894,"8743 Orozco Mountains Suite 584
North Heather, VT 73501",
Huang Inc,578.68,2895,"955 Terri Throughway Apt. 254
Wallaceville, MA 33022",
"Wagner, Hardin and Patel",528.41,2896,"5243 Matthews Lodge Suite 528
Kimchester, NV 09153",
"Brown, Robertson and Martinez",3298.87,2897,"4852 Smith Parks Suite 799
Lake William, VI 67045",
"May, Cook and Jones",3403.94,2898,"4359 Gibson Falls Suite 733
Amandafort, OK 96796",
Juarez-Clark,2872.61,2899,"56671 Joseph Trail Apt. 311
Justinborough, LA 02527",
Nelson PLC,1755.48,2900,"23807 Conway Plain Suite 938
Mandyhaven, OR 36225",
"Taylor, Pope and Anderson",1047.9,2901,"PSC 2318, Box 8953
APO AA 10278",
"Huber, Hammond and Williams",3306.05,2902,"16866 Todd Burg Apt. 701
Krauseton, DC 47216",
Parsons-Macdonald,1506.52,2903,"3356 Williams Land Suite 956
South Matthewview, WA 86631",
Price-Vang,2597.37,2904,"4866 Leah Loop
Lake Thomas, OR 73323",
"Lewis, Buchanan and Lopez",2906.92,2905,"8547 Parker Haven Suite 729
Port Brianton, TX 48492",
"Johnson, Oneal and Schultz",4202.18,2906,"Unit 5202 Box 2865
DPO AP 23602",
Doyle Inc,4597.63,2907,"56997 Jessica Run
West Marcland, IL 20496",
Mahoney PLC,3997.72,2908,"9453 Robin Mountains Apt. 588
Port Samuelville, ME 14350",
Hamilton-Perez,675.57,2909,"284 Brown Hills Apt. 522
Ericland, AR 01691",
Aguirre Inc,4995.17,2910,"3361 Susan Roads
East Erik, KS 17190",
"Stout, Miller and Greer",3164.14,2911,"918 Browning Plaza Suite 302
Danielfurt, NV 03744",
"Garcia, Ellis and Bishop",3185.8,2912,"557 Turner Mountains
Taylorberg, CA 28221",
Watkins PLC,2125.56,2913,"171 Moore Gardens Apt. 059
Duaneside, SD 56660",
Salazar Group,4575.16,2914,"9753 Deleon Villages
Robertburgh, CT 77957",
Williams PLC,1264.25,2915,"8526 Elizabeth Unions
Port Bryan, GU 28031",
"Carter, Townsend and Pena",3472.06,2916,"683 Pace Views
South William, CA 32721",
Patton-Patterson,2605.89,2917,"7579 Paul Roads
Traceyhaven, MD 23611",
Martin Inc,1661.42,2918,"206 Allison Spur Apt. 439
New Jaredmouth, ND 65719",
Freeman-Bennett,860.58,2919,"248 Carpenter Stravenue Suite 376
East Cynthiaville, VT 74306",
Thomas Inc,4126.68,2920,"65585 Patrick Square
East Brian, WI 78700",
"Wright, Simpson and Webb",3638.58,2921,"8153 Baker Brook Suite 856
West Mallory, PR 75306",
Casey-Hodges,3364.05,2922,"28538 Lisa Tunnel Apt. 728
Robertchester, SC 34069",
Jordan-Medina,547.4,2923,"1151 Sims Lights
Jessicaville, MA 74234",
"Wyatt, Frederick and Stanton",2410.89,2924,"8398 Walter Circle
Karenfort, ME 72795",
"Hanson, Nielsen and Jones",3106.48,2925,"1201 Rachel Spring Apt. 165
East Katherine, AL 33861",
"Ross, Johnson and Reynolds",4430.19,2926,"942 Turner Crest
Jenniferborough, MA 46048",
Rodriguez-Matthews,4591.83,2927,"1054 Richard Knoll
Jenkinsside, AL 48387",
"Hernandez, Brown and Johnson",3775.17,2928,"633 Harris Station Suite 767
Jacksonmouth, AL 94922",
"Turner, Gardner and Valencia",3891.16,2929,"4762 Martin Valley
Jameshaven, CT 40217",
"Kim, Meyer and Martin",1621.04,2930,"39598 Sean Drives Apt. 518
New Scottburgh, WY 09858",
Ochoa PLC,3407.25,2931,"188 Alexander Road
Mooreville, WA 84277",
Davis-Freeman,3698.11,2932,"723 Luis Mills Suite 950
Rosebury, NY 39146",
Hunt-Patrick,4660.89,2933,"39027 Wright Fords Suite 700
South Edgar, LA 44343",
Perry LLC,3938.35,2934,"0155 Jack Square
Lake Sean, PA 30019",
"Lawson, Shah and Newton",1622.32,2935,"8318 Fields Fort Apt. 433
Nealstad, RI 84008",
Collins-Morgan,3982.36,2936,"573 Brown Highway
East Rhonda, NE 65114",
Wolf PLC,1244.69,2937,"84023 Colon Groves Suite 848
Port Michaelview, TX 74442",
Glass-Wade,1296.17,2938,"68182 Jerry Island
New Davidfort, AL 59707",
Decker-Jones,4588.1,2939,"3417 Angela Valley
Jonesmouth, GA 39470",
Dominguez-Hodge,720.69,2940,"739 Bradford Islands Apt. 194
Rothland, WY 62518",
Gregory LLC,3270.57,2941,"70062 Hunt Key
Lake Samantha, VI 51804",
Estrada-Moore,4836.42,2942,"902 Baker Walks Apt. 771
Emilybury, WA 45897",
Montgomery-Singh,1838.08,2943,"63553 Smith View
Angelahaven, PW 12788",
Rivers-Lewis,3864.88,2944,"32044 Barbara Row
Simsburgh, HI 17451",
Schaefer-Middleton,2893.01,2945,"988 Sullivan Drive
South Phillipton, NJ 76860",
"Griffin, Gonzalez and Scott",863.18,2946,"6102 Collins River Apt. 630
Teresaton, MO 56619",
Andrews Group,3030.16,2947,"7370 Ellen Parkways Apt. 641
South Rachelfort, NM 73836",
Ochoa Group,3680.42,2948,"918 Sarah Trail
South Christopher, NM 67486",
Macdonald LLC,3255.47,2949,"96614 Rose Gateway
Ryanview, NV 99892",
Jones LLC,2981.15,2950,"031 Hughes Road
Robertston, GA 72583",
Roberts LLC,3839.91,2951,"131 Erica Junctions Suite 261
Kennedyfurt, ID 14646",
Hernandez and Sons,1510.48,2952,"2006 Douglas Street
Williamsport, NV 73710",
"Griffith, Flores and Taylor",2621.72,2953,"04622 Simmons Stravenue
Lake Angela, HI 89289",
"Bernard, Garcia and Barker",1272.57,2954,"USCGC Horton
FPO AP 15821",
"Garza, Cox and Bradford",3815.99,2955,"0198 Sampson View Suite 247
Bensonview, MP 38732",
White LLC,700.53,2956,"559 Morris Mill
East Melinda, MP 68542",
Riddle Ltd,4727.8,2957,"9192 Brittany Neck Suite 624
New Dana, AR 48621",
Davis Ltd,1083.81,2958,"USNV Bell
FPO AA 91566",
"Phillips, Gonzalez and Roberts",1362.04,2959,"1605 Ferguson Throughway
North Brianchester, NH 64876",
Shields Group,608.34,2960,"7197 Wade Cliffs
Travisbury, UT 85063",
Mcknight Group,3771.48,2961,"7251 Nicholas Crossroad
New Kelseyhaven, MO 32116",
Carlson LLC,4481.18,2962,"70207 Christina Island
South Jorgeville, IA 56410",
Campbell Group,2066.44,2963,"4609 Melinda Islands Apt. 278
Port Josefurt, NE 02047",
"Figueroa, Chavez and Solis",2423.87,2964,"184 Williams Highway
West Zachary, OH 87557",
Meyers Inc,3358.37,2965,"930 Danielle Track
Port Davidport, SD 45105",
Dudley-Frey,4995.66,2966,"PSC 2552, Box 4497
APO AE 76372",
Johnson-Lawrence,2560.14,2967,"790 Bryant Inlet
Russellfort, VT 10817",
"Maldonado, Velez and Ray",4694.05,2968,"USNV Price
FPO AA 67428",
Reyes-Harris,4083.64,2969,"9739 Travis Street
East Stevenmouth, PA 40555",
"Parrish, Smith and Sanchez",970.13,2970,"PSC 5507, Box 1896
APO AA 27008",
"Booker, Williams and Nguyen",3941.0,2971,"34257 Hernandez Stream
Bennettmouth, MH 12300",
Macdonald-Goodman,4853.78,2972,"8210 Guzman Cape
Lake Nicole, IN 29049",
Martin Inc,1640.67,2973,"8866 Steven Estate Suite 122
Josephbury, AS 81793",
"Parrish, King and Jones",3514.0,2974,"395 Jenkins Isle Apt. 630
Lake Carolside, AK 99301",
"Perez, Smith and Carter",3416.89,2975,"618 Jennifer Plains
North Georgeland, NV 63943",
"Hoover, Brown and Griffin",3621.11,2976,"22937 Nelson Orchard
Port Kaylastad, PR 66975",
Howard Group,2453.52,2977,"15515 Kathleen Mall
Derektown, WI 24670",
Acevedo and Sons,4214.92,2978,"60664 Jennifer Mill Suite 138
South James, DE 29930",
Chen Inc,4345.11,2979,"PSC 8009, Box 3472
APO AP 14478",
Brock and Sons,4007.04,2980,"211 Aaron Spurs Suite 742
Sanchezborough, NE 12126",
"Hernandez, Le and Reyes",2252.02,2981,"3879 William Fall Suite 367
East Michaelhaven, ME 84065",
Curry-Ford,3650.15,2982,"0246 Kevin Meadow Apt. 638
North Maryport, CT 18914",
Garcia and Sons,1527.89,2983,"363 Henry Drive Suite 373
West Kelliefort, MT 52695",
"Curry, Myers and Neal",2773.62,2984,"917 Walters Fort Apt. 449
Maxwellside, FL 61038",
Cooper-Doyle,2018.05,2985,"154 Roberts Square Suite 781
New Patricia, MS 48764",
Curtis-Diaz,1393.44,2986,"6832 Ashley View
New Aaron, GA 36195",
Davis-Gray,3606.9,2987,"2552 Lee Mountains
Beckerview, VA 53145",
"Smith, Grimes and Norris",3146.72,2988,"18602 Garcia Common
Port Amanda, MP 75151",
Moore Inc,1667.38,2989,"209 Sandra Fields Apt. 116
Garnershire, TN 27744",
Jenkins Ltd,606.31,2990,"90128 Robinson Gardens
Gomezberg, ND 63913",
Hernandez-Caldwell,3205.29,2991,"234 Frank Squares Suite 658
Deanborough, DE 35540",
Lewis Ltd,3618.55,2992,"724 Nichols Stream
East Ashley, FM 01093",
Martin-Gibbs,935.02,2993,"Unit 5319 Box 0070
DPO AA 51185",
Newton-Smith,4822.02,2994,"51811 Sara Park Apt. 500
Allisonbury, NE 28449",
Hart LLC,3449.24,2995,"769 Morgan Fall
South Susan, HI 83791",
Berry-Parker,1089.45,2996,"9693 Johnson Neck
North Jonathan, SC 01069",
"Burns, Griffith and Serrano",1805.09,2997,"44448 Freeman Parks
East Johnnyshire, MA 34707",
Smith Group,4333.92,2998,"2653 Anderson Tunnel
Toniland, MD 15750",
Austin-Zavala,2523.25,2999,"331 Christopher Shoals
Bondstad, ND 70971",
"Chavez, Gonzales and Brown",581.54,3000,"077 Stephanie Mountain
East John, VI 42275",
"Jones, Reynolds and Kerr",2190.57,3001,"Unit 4342 Box 2229
DPO AE 51431",
