property_id,email,id,name,phone
,colton27@example.org,2120,Robert Miller,+1-620-718-9188x17287
1.0,nzabera@gmail.com,1,John Doe,1234567890
,scaldwell@example.org,2121,Randy Hammond,(790)557-0964
,lbrown@example.com,2122,Daniel Mcdaniel,249-447-0285x63159
2251.0,ramirezchristina@example.net,2123,Andrew Graham,001-345-359-0035x083
2125.0,ypham@example.net,2124,Diana Mcguire,881-750-2346x67752
2112.0,wendylewis@example.com,2125,Rhonda Campbell,2775297306
2424.0,wolfjessica@example.net,2126,Rebecca Thompson,(867)322-5706
2973.0,ashleyphillips@example.com,2127,Kayla Brown,857-505-4159x31296
,michele63@example.net,2128,Courtney Whitney,001-755-336-6905x618
,adammarquez@example.net,2129,Larry Werner,(302)292-1212
2653.0,stacie07@example.net,2130,Philip Wilson,+1-253-385-2835x000
,mark55@example.net,2131,Ronald Thomas,414.531.3110x95510
,kstephens@example.org,2132,Eugene Gibson,+1-441-625-0359
,jonesgregory@example.net,2133,Virginia Avila,794-837-1126x54367
,qoneal@example.com,2134,Mr. Joshua Brooks,651-743-4445
2375.0,justin75@example.com,2135,Erika Burns,(288)695-2043
2813.0,eflynn@example.com,2136,Mary Cooper,+1-488-583-4016x5414
,oconnorkatherine@example.com,2137,Sarah Watson,+1-251-550-7774x6237
2629.0,nreed@example.org,2138,Karl Peck,3052753825
2134.0,robinsonkelly@example.com,2139,Nathan Gonzales,478.335.9395
2673.0,fmartin@example.net,2140,Tammy Conner,9162204898
2121.0,ojohnson@example.org,2141,Ashley Carlson,726.224.7416x702
,eric40@example.net,2142,Christopher Jones,(952)773-9440x93272
,kgilbert@example.com,2143,Theresa Baker,322-264-9344x6502
2696.0,dayjulie@example.org,2144,Matthew Hoffman,(708)910-2291
2826.0,jnoble@example.com,2145,Jon Melton,627-921-2744
2982.0,brenda82@example.net,2146,Jordan Fletcher,001-754-299-0982x24572
2461.0,jennahill@example.org,2147,Rachel Stanley DDS,(487)553-2170x24416
,nnguyen@example.com,2148,Joseph Schroeder,+1-462-654-9958x889
,nsanchez@example.org,2149,Meghan Brown,262.437.9695
2916.0,danielle46@example.net,2150,Mary Dickerson,259-652-9891x35727
2854.0,laura63@example.org,2151,Ricky Farrell,9277835613
2669.0,martha86@example.org,2152,Paul Lewis,276-713-3981
2170.0,fosternatasha@example.net,2153,Henry Meyers,(835)646-6738
,kyle68@example.net,2154,Debbie Long,6593041978
,flee@example.org,2155,Betty Hoover,+1-988-684-0278x707
,rrocha@example.com,2156,Eric Kelly,(608)847-7912x1050
2514.0,flong@example.net,2157,Brian Singh,001-765-706-6941
2508.0,crystal44@example.com,2158,Dakota Newman,(245)565-7613x56748
,autumn27@example.net,2159,Scott Elliott,487.863.3805
2128.0,cwelch@example.org,2160,Jerry Mccarthy,6162414304
,andrew36@example.net,2161,Rebecca Wilson,(427)206-9551x2388
2393.0,nholmes@example.com,2162,Mark King,288-571-4160x01929
,wrightkatelyn@example.com,2163,Matthew Porter,879.824.5245
,marksuarez@example.org,2164,Christopher Sanchez,(799)484-5041x510
2543.0,cochranruth@example.net,2165,John Martin,427-499-4638x33192
,bmoon@example.net,2166,Alexander Terry,605-516-5456
2421.0,ortizstephanie@example.org,2167,Donald Porter,6575642318
,jasmin92@example.net,2168,Scott Hess,+1-661-621-6524x807
,reedsteven@example.net,2169,Cameron Ramos,827.364.7970
,jilliansmith@example.org,2170,Willie Duke,(727)961-7409
,fhinton@example.org,2171,Brian Moore,236-562-2550
2424.0,juliemitchell@example.net,2172,Jamie King,(869)367-4488
,lorispencer@example.net,2173,Elizabeth Wagner,246.710.3502x1562
2842.0,stephen99@example.org,2174,John Richards,+1-371-872-9349
,clarson@example.com,2175,Kevin Cooper,748.574.2288x1463
,marroyo@example.com,2176,Marie Garcia,001-335-411-8885x462
2366.0,pmiles@example.com,2177,Dean Terrell,494-768-3081x142
,bharmon@example.com,2178,Max Jones,435-721-6695x9480
2396.0,donaldlee@example.org,2179,Eric Moore,234-280-1161x28109
,nicholas32@example.org,2180,Harold West,001-484-282-6508x77324
2743.0,sandovaldanielle@example.com,2181,Taylor Trujillo,294.738.3544
,vjacobs@example.com,2182,Austin Garrett,499.358.9798x45781
,nporter@example.com,2183,Mark Harris,296-854-6667x9752
,ronald37@example.net,2184,Lorraine Wilkerson,536.374.6960x032
,gflowers@example.net,2185,Christopher Williams,822.418.4286
2410.0,daniel60@example.com,2186,Ryan Hart,251-838-7016
,melaniehernandez@example.org,2187,Amy Lyons,319-862-0383
,victoria72@example.com,2188,Joseph Chambers,899.949.1172x95741
2108.0,monica03@example.org,2189,Jason Williams,921.714.8271x4921
2215.0,kayleejohnson@example.net,2190,Eric Jarvis,(580)514-8935
,tylererika@example.net,2191,Anthony Richardson,(301)268-4705x8749
,ycarr@example.org,2192,James Mcclain,(944)732-8790
,cervantesashley@example.org,2193,Troy Reid,(365)977-7907x96312
2755.0,zlee@example.com,2194,David Lowe,001-427-423-0756x780
2654.0,alexrogers@example.com,2195,Susan Collins,(830)657-1244x65680
2066.0,ialvarado@example.org,2196,Bradley Andersen,001-453-445-1895x5086
,kvaldez@example.net,2197,Ryan Joseph,3022199781
2459.0,williamsjames@example.net,2198,Courtney Murphy,(432)920-6326x8532
,qortiz@example.org,2199,Tina Tran,(249)244-8484x788
,lauraschaefer@example.net,2200,Mark Nguyen,294.369.1571x872
2634.0,robinsonmaureen@example.org,2201,Deborah Ortiz,+1-369-425-3242x332
,ohorton@example.org,2202,Michael Cruz,534.658.8221x1113
,hannah95@example.net,2203,Nichole Bond,4143189097
,andrew86@example.net,2204,Leslie Wise,(446)399-6932x87370
,ccarter@example.org,2205,Michelle Jackson,001-436-827-8288
2081.0,wanda56@example.org,2206,Elizabeth Sheppard,+1-465-328-1001x69048
2702.0,adam49@example.net,2207,Kristi Howard,8935738120
2368.0,james76@example.org,2208,Kevin Jones,(397)893-6722x42569
,drewcombs@example.net,2209,Gregory Anderson,399-525-9278x64319
2684.0,wrightjames@example.net,2210,Monica Thompson,(873)798-3970x6367
,martinezjennifer@example.org,2211,Stephanie Smith,001-704-641-2226
,gphillips@example.com,2212,Nicole Marshall,(304)677-3643
2793.0,hmills@example.com,2213,Amanda Cooper,574-328-6592
2883.0,plawson@example.com,2214,Samantha Ho,+1-531-983-4956x2531
,jandrews@example.com,2215,Nancy Garrett,001-971-474-2585
2395.0,gblack@example.net,2216,Michael Carter,854-579-0050
2566.0,grosslee@example.com,2217,Arthur Hart,6786378502
2115.0,goodwinsydney@example.com,2218,Michael Thomas,+1-924-595-8323x55424
2814.0,uavila@example.net,2219,Mary Thompson,513.769.7372x43753
,jacqueline19@example.net,2220,Tara Figueroa,+1-885-745-9968x716
,qmckay@example.net,2221,Max Martinez,+1-586-545-2662
2687.0,patelbrandi@example.net,2222,Michael Spencer,986.716.1901x620
2991.0,brucejeffrey@example.net,2223,Johnny Lowe,(367)267-1926
2206.0,sylviagordon@example.com,2224,Crystal Foster,001-711-884-9190x480
2974.0,debbie16@example.org,2225,Nathaniel Cantu,(456)829-6858
,bramirez@example.com,2226,Jeffrey Smith,001-423-710-2562x4033
,michaelwilliams@example.net,2227,Lindsey Gray,+1-665-798-6403x36742
2308.0,davidfarrell@example.org,2228,Brian Chan,487-681-9651
,richardrivera@example.com,2229,Amy Graham,541.769.7121
2563.0,allenjeffery@example.org,2230,Amy Carroll,+1-224-306-3905x087
2554.0,ntaylor@example.org,2231,Michele Thompson,884.646.9413x83403
2711.0,ohoover@example.org,2232,Lisa Webb,+1-592-819-9193x198
2383.0,benjamin49@example.org,2233,Brian Johnson,8544668542
,grant70@example.org,2234,Jessica Gibson,+1-407-702-8254x55706
,rodriguezralph@example.org,2235,Allen Vaughn,229-571-9331
,xallen@example.net,2236,Ann Smith,+1-518-416-5634
2694.0,jimmy48@example.org,2237,Kathy Hartman,359.690.0186
,qvega@example.org,2238,Michael Moody,001-460-956-5809
2921.0,peterhenderson@example.com,2239,Ryan Terry,9403614668
,btrujillo@example.net,2240,Edward Rollins,+1-579-596-5901
2137.0,tammiesingh@example.net,2241,Robert Alexander,001-359-742-6355x4573
3001.0,rsheppard@example.com,2242,Teresa Thomas,3777907344
,ecampbell@example.net,2243,Jimmy Douglas,(953)608-3645x12566
2566.0,wolfjonathan@example.org,2244,Priscilla Bowman,+1-281-656-8150
,bmorgan@example.org,2245,Judith Glass,+1-590-998-1313x76930
,ronaldjordan@example.net,2246,Stephanie Ramirez,630-541-1815x29472
,yjimenez@example.com,2247,Christopher Ruiz,001-469-268-7675
2357.0,bjohnson@example.net,2248,Brian Brown,3857767778
,crystal20@example.org,2249,Teresa Williams,996-380-0147x270
2652.0,qramirez@example.org,2250,Tina Harris,275.538.5586x5910
2919.0,jamesdeanna@example.org,2251,Charles Holmes,001-719-225-0258x9872
,kingnicholas@example.com,2252,Lindsay Smith,731-851-6936x9729
,robert31@example.org,2253,Jacob Walters,357.896.7099
2711.0,ismith@example.net,2254,Bobby Booth,309.935.0578x190
2923.0,valeriesmith@example.org,2255,William Ramirez,(889)517-1644x35672
2651.0,ericmurray@example.com,2256,James Krueger,001-495-651-8254x8362
,velasquezgeorge@example.org,2257,Christopher Quinn,001-704-640-3322x6647
2038.0,ramirezshannon@example.com,2258,Caitlin Wiley,(720)452-7402x8064
2013.0,johnsonmary@example.org,2259,Phillip Beasley,515-882-6941x16918
,rsingh@example.org,2260,Aaron Rivera,932-572-7067x781
2905.0,qwood@example.net,2261,Chelsea Armstrong,001-385-357-2361x5584
2545.0,laranathan@example.org,2262,Carrie Richmond,699.412.0434
2922.0,timothysnyder@example.net,2263,Kimberly Ward,835.704.9868
2841.0,victoria09@example.com,2264,Mary Thomas,4359892156
2822.0,idavis@example.org,2265,Michael Hester,550-363-9895x5571
,denisewhite@example.com,2266,Brian Waller,+1-747-397-1708x1067
2604.0,henry44@example.com,2267,Jonathan Rodriguez,(698)631-5808
,brian13@example.com,2268,Heather Black,698.894.9524
2997.0,emily83@example.net,2269,Tristan Meza,639.486.4877
2123.0,hjackson@example.org,2270,Andrew Miller,+1-801-803-7691x94771
2545.0,josephferguson@example.net,2271,Amber King,(200)275-2351
,kruegercrystal@example.org,2272,Carl Cook,(470)538-6764
2002.0,dgriffith@example.com,2273,Jessica Morales,612.593.5354x767
,yelliott@example.net,2274,Gary Gross,+1-534-546-8593
,njames@example.org,2275,Andrea Snyder,(803)280-9768x3672
2136.0,zachary50@example.com,2276,Joshua Moore,299-654-6731x8084
,hughesfrederick@example.net,2277,Jesse Smith,912.934.7038
,natalie83@example.com,2278,Joseph Bentley,679-759-4414
,brownbrenda@example.net,2279,Erica Johnson,+1-402-405-9104x86949
2234.0,laurenjohnson@example.net,2280,Joshua Rodriguez,+1-693-901-6836x96589
2773.0,kleinjason@example.com,2281,Nicholas Keller,+1-248-838-7020x016
,angelathompson@example.org,2282,Kristin Wilson,(345)464-4669x29635
,lovedebbie@example.com,2283,Taylor Mccarthy,+1-648-923-6198x7093
,hartangela@example.com,2284,Zachary Castillo,604.475.4467x3808
,ohenderson@example.com,2285,Audrey Peterson,490-663-2951x9588
2741.0,diananavarro@example.net,2286,Renee West,+1-595-395-9183x80368
,alexanderrandall@example.org,2287,Mark Moore,001-224-578-0736x89784
,eduardo80@example.net,2288,Susan Wolfe,(352)445-4421
,rachel21@example.org,2289,Andrew Mueller,+1-311-633-0129x8248
,brendan11@example.net,2290,Chad Lewis,+1-256-514-6427
2231.0,kirbybrittany@example.org,2291,Gregory Chung,999-542-1477x908
,bscott@example.net,2292,Richard Fisher,227.593.9306x2971
,tfrench@example.com,2293,Laurie Roach,+1-817-280-3887x4681
,rhonda53@example.com,2294,Ricardo Nguyen,386-379-7447x94377
2225.0,jshepherd@example.net,2295,Dylan Suarez,212.220.4213
2730.0,mckinneyshelley@example.com,2296,Cathy Beasley,001-956-603-3971x02701
2254.0,michael27@example.com,2297,Joanna Weiss,7309409321
2638.0,dickersonandrea@example.net,2298,David Garcia,001-973-362-8071x7971
2616.0,danielle05@example.com,2299,Joseph Simpson,570.672.2612
2056.0,whitneymaria@example.org,2300,Samuel Rhodes,659-255-5906
2564.0,rebecca95@example.net,2301,James Romero,(263)263-6451x07572
,jeanne16@example.net,2302,William Cochran,+1-533-505-3498
,rodriguezjoseph@example.net,2303,Bianca Foster,001-236-898-7891
2561.0,ctaylor@example.org,2304,Jessica Golden,576-730-1176x742
,jsmith@example.net,2305,Drew Jackson,5148075546
2511.0,david71@example.org,2306,Nicole Zimmerman,(765)752-8642x8692
2719.0,gsanchez@example.net,2307,Richard Thomas,(764)362-8410
,erodriguez@example.net,2308,Christine Lloyd,(414)872-2321
,psalazar@example.org,2309,Erik Barton,711.578.3297x40242
2542.0,ruthharvey@example.org,2310,Mark Ross,640-499-4434x28915
2610.0,ohuerta@example.com,2311,Crystal Conway,6902363491
,zsnow@example.org,2312,Melanie Daniel,001-608-317-2947x0241
,brian12@example.com,2313,Anna Fernandez,2107168730
2222.0,rhart@example.org,2314,Laura Oliver,+1-866-883-7751x24431
,eric68@example.net,2315,Clinton Kelly,461-996-0937x39676
,swoodward@example.org,2316,David Walls,704-869-4669x59647
2869.0,ibell@example.net,2317,Lindsey Diaz,788.917.1780x07389
,rgomez@example.net,2318,Candace Hernandez,700.590.5343x572
2908.0,delgadorichard@example.com,2319,Jeffrey Armstrong,001-526-416-7858
2330.0,bnixon@example.net,2320,David Kelly,(899)455-5661x572
2960.0,gonzalezwilliam@example.com,2321,Nicole Braun,923-865-2502x3241
,jdixon@example.org,2322,Jennifer Thompson,+1-710-750-7567
2025.0,atkinsonwilliam@example.com,2323,Erik Owens,(211)411-7743
2476.0,kirkmichelle@example.com,2324,Mr. Jonathan Whitehead,(439)510-6961
,ubest@example.net,2325,David Jones,9293761695
2037.0,ubass@example.org,2326,Brittany Rios,(839)625-0564x14756
2954.0,burketamara@example.net,2327,Michelle Flores,001-507-234-1430
,woodskimberly@example.org,2328,Mitchell Colon,424.914.1751
2938.0,jonathan32@example.com,2329,Erik Ho,395-653-0368x712
2441.0,felicialester@example.com,2330,Alexander Watson,(908)779-4232
,longruben@example.org,2331,Michael Mccall,+1-232-275-9423x121
,ysalazar@example.org,2332,Vincent Castillo,(546)503-9058
2422.0,diane01@example.net,2333,Lawrence Turner,(838)610-4152
,daniel19@example.org,2334,Lisa Elliott,+1-263-789-7853x7514
,lauraboyd@example.com,2335,Nathan Knapp,717-897-3650x5087
2963.0,pnixon@example.com,2336,Paula Miller,001-221-900-0367x835
2161.0,osanders@example.org,2337,Jason Williams,(821)700-0220
2325.0,ericmoore@example.com,2338,Jeffrey Martinez,839-639-6701
2867.0,rogersgerald@example.net,2339,Jenna Martin,838-711-4799
,zbrown@example.org,2340,Robert Mcdonald,001-879-982-5442x176
2283.0,susannelson@example.net,2341,Sharon Sanchez,(478)761-8550x467
,thampton@example.org,2342,Carol Nichols,977.882.1704
2669.0,vanessabutler@example.net,2343,Jennifer Richardson,302-610-8930
,garyfuller@example.net,2344,Karen Woods,001-528-884-8576
,sandraalvarez@example.com,2345,Amber Williams,5929664776
2766.0,owensgabriella@example.com,2346,Ronald Mendez,+1-414-876-0905x81722
,joshuawells@example.com,2347,Judy Hurley MD,+1-631-675-0048x08064
2585.0,ldecker@example.com,2348,Roy Burton,+1-672-631-0564x313
,pricestephanie@example.com,2349,Mr. Carlos Scott,001-697-397-0781x491
2176.0,ibrown@example.com,2350,Stacey Jackson,001-502-303-5524x034
2884.0,jamie56@example.net,2351,Lisa Watkins,859-231-5572x12820
2581.0,chelsea96@example.net,2352,Philip Higgins,534-797-5889x8929
,john51@example.net,2353,Thomas Brock,001-451-756-9376x76836
,brobinson@example.com,2354,Patricia Mcclain,870-885-6472
,williamsrobin@example.com,2355,Jeffrey Levine,(340)818-5543
,kenneth58@example.net,2356,Joseph Hernandez,001-504-881-6418x88774
2775.0,erinmyers@example.com,2357,Mark Hernandez,+1-247-322-7980x3805
2317.0,wsmith@example.net,2358,Joseph Griffith,+1-739-995-5038x40733
2014.0,timothy00@example.org,2359,Betty Beck,9957325026
2160.0,teresa32@example.com,2360,Russell Baldwin,370-288-3644
,allensarah@example.org,2361,Christine Jimenez,5679637783
2920.0,angelarichardson@example.com,2362,Molly Black,+1-824-863-9261
,andersoneric@example.org,2363,Robert Neal,+1-636-356-2032
2137.0,jeffreykey@example.org,2364,Anthony Smith,+1-553-595-7339x27610
2715.0,nicoleoliver@example.com,2365,Gary Scott,298-218-1146x361
2094.0,mandy13@example.net,2366,Allen Ewing,001-856-984-7046x00967
,michaellong@example.com,2367,Mary Peck,833.358.9207
2978.0,jonathaneverett@example.org,2368,Alejandro Willis,+1-961-552-0919x54997
,lydiahunter@example.net,2369,Toni Henderson,987-387-2041
2715.0,summersstephanie@example.com,2370,Aaron Bonilla,8033844867
2956.0,david89@example.net,2371,David Ross Jr.,+1-782-862-0829
2941.0,lori59@example.org,2372,Hailey Edwards,750.570.6178
2751.0,jenkinschristine@example.net,2373,Brian Olson,001-492-971-6147
,angelicabennett@example.org,2374,Stacy Brooks,+1-826-746-5365x87165
2832.0,harrymann@example.org,2375,Deborah Dunn,417-606-0557x12328
,mhamilton@example.org,2376,Robert Bailey,001-471-758-8367x45809
2392.0,audreystewart@example.org,2377,Jason Porter,680-371-0780x843
2945.0,floresdebra@example.net,2378,Michael Barron,001-346-368-1266x374
,karenburns@example.org,2379,Jonathan Johnson,(310)565-3554x351
,perezjesse@example.net,2380,Deanna Parker,773.764.1669
2682.0,alvaradomelinda@example.org,2381,Johnny Brown,227-762-2540
,mark05@example.net,2382,Megan Zuniga PhD,001-745-502-9487x1189
2581.0,jasminefrank@example.com,2383,Kathleen Hunt,001-380-441-0034x1923
2484.0,james36@example.net,2384,Laurie Williams,465.211.3321x62084
,jillrivera@example.com,2385,Mary Hall,(666)929-4986x46091
2811.0,andrea94@example.net,2386,Christopher Vaughn,256-380-7934
,chadcurry@example.com,2387,Erika Morris,+1-935-623-8938x80552
,swansonmitchell@example.net,2388,Sheila White,(695)509-9745x8820
2055.0,julie09@example.org,2389,Nicole Schneider,727-561-8003
2476.0,dennis91@example.org,2390,Jennifer Gomez,(939)318-0793x264
,patrickgiles@example.org,2391,Victoria Kelly,902.274.0739x0532
,amy25@example.net,2392,Joann Cook,(615)210-7513
2525.0,danielgarcia@example.net,2393,Debra Brown,001-823-241-9065
2572.0,rebekah74@example.com,2394,Bobby Gregory,001-595-980-4063
2635.0,melanie87@example.org,2395,Nicole Anderson,5136969219
,elizabethmoreno@example.com,2396,Jessica Cobb,001-650-598-6548x023
2872.0,dunnsteven@example.net,2397,Shaun Franco,333.452.2571x2780
,craig94@example.org,2398,Cassandra Newman,(210)373-4079
2622.0,michael39@example.net,2399,Jennifer Roach,001-639-584-1820
2098.0,pearsonsandra@example.net,2400,Debra Savage,+1-937-800-0856x89810
,xdaniel@example.org,2401,Rebecca Ortiz,(773)727-1998
,brandonburton@example.org,2402,Richard Andrade,(367)732-1015
,michaelchristina@example.org,2403,David Brown,969.342.9988
,costaearl@example.com,2404,Suzanne Dougherty,+1-485-837-5894x47275
,amber59@example.net,2405,Timothy Delgado,+1-333-672-3374x57178
,saramorgan@example.net,2406,Andrew Grant,(303)943-7020x56339
,williamtaylor@example.org,2407,Michael Ford,001-594-417-7264
,jamessmith@example.org,2408,Bonnie Williams,(545)870-3953
2834.0,fbradley@example.org,2409,Clarence Scott,+1-753-393-2259x9936
,steelechristopher@example.org,2410,Robert Orr,661.397.8365x0783
2189.0,gfoster@example.com,2411,Sandra Rios,(702)568-5080x07032
2753.0,nortonjeremy@example.com,2412,Brittany Perry,288-928-4284x903
2413.0,yjackson@example.org,2413,Barbara Mcclure,911.991.0249x734
2913.0,tcoleman@example.org,2414,Scott Harris,+1-211-857-5910x260
2094.0,keith73@example.com,2415,Hannah Johnson,(299)333-1920
2008.0,warrenconnie@example.net,2416,Casey Collins,001-456-737-2837x2981
2975.0,natalie23@example.com,2417,Kelly Adams,+1-806-610-3972x9213
2801.0,jchapman@example.net,2418,Steven Dillon,+1-778-446-7590x24463
,ericpalmer@example.com,2419,Joshua Schroeder,001-421-826-3226x570
2456.0,meyerjoshua@example.net,2420,William Johnston DVM,+1-609-212-0648x0792
,eddie94@example.org,2421,Travis Medina,6664848128
,johnsontimothy@example.net,2422,Brittany Padilla,(517)913-3527x951
,ubeck@example.net,2423,Stephen Lynn,+1-740-522-2304x571
,elopez@example.net,2424,Jamie Merritt,+1-736-740-0023x0045
2955.0,shane14@example.org,2425,Megan Boyd,614.954.5513
,smithomar@example.org,2426,Michelle Dean,(539)498-3747
,kenneth64@example.org,2427,Douglas Finley,001-741-669-4152x4378
,daniel85@example.net,2428,Diane Gonzalez,791-495-6530x81042
,christophergutierrez@example.org,2429,Kristi Fischer,+1-884-637-7815x60662
2569.0,gmcneil@example.com,2430,Evan Howell,244.541.1592x05490
,chaseandrew@example.org,2431,John Rogers,348.669.8648x845
2505.0,sreeves@example.net,2432,Ian Gibson,5322300736
,christopher87@example.net,2433,Misty Adams,+1-815-636-5862x786
,dduncan@example.org,2434,Charles Davis,001-969-704-8075x3764
2934.0,cabreraelizabeth@example.net,2435,Michelle Jacobs,(735)482-1560x285
2707.0,tammyweber@example.net,2436,Michael Thornton,921-524-0796x05971
2311.0,bbailey@example.org,2437,Edward Perez,921.239.3166x6072
,maysjamie@example.org,2438,Mary Keith,739-988-9317x4510
2945.0,colonkatie@example.org,2439,Daniel Phillips,001-813-495-0250x0937
2936.0,chansen@example.com,2440,Rebecca Bush,340.688.3220
,pcarter@example.org,2441,Mallory Jones,937.555.0997x3983
2901.0,wdelgado@example.com,2442,Megan Rodriguez,330-475-2547
2808.0,maryharvey@example.net,2443,Kimberly Lawrence,+1-403-348-5260x7904
2663.0,ashleytorres@example.com,2444,Jaime Grant,287-416-5926
,christinawood@example.com,2445,Connie Robinson,897-553-0613
2762.0,troycervantes@example.com,2446,Thomas Benitez,001-266-987-3010x7897
2660.0,danielle12@example.net,2447,Kimberly Martin,716.368.4941
,angela80@example.org,2448,Michael Harper,(386)984-2164
,across@example.org,2449,Russell Smith,4416500602
2447.0,eric69@example.com,2450,Brittany Peters MD,2595340086
,abigail01@example.com,2451,Amanda Murray MD,(835)648-6338x236
2491.0,martha69@example.com,2452,Nicole Houston,3448019547
,hannah02@example.com,2453,Austin Stevens,001-374-581-1495x5816
,howardsamantha@example.org,2454,Tommy Mayer,386-419-5957x416
2404.0,zmiller@example.net,2455,Sharon Harrison,(748)946-1326x87929
,joshuaroth@example.org,2456,John Crawford,985.503.3919x8811
2657.0,mark79@example.org,2457,Debra Thompson,703-609-2581
,yatesjacqueline@example.org,2458,Brittany Zhang,671-517-1561
2411.0,oadkins@example.org,2459,Matthew White,+1-744-305-0386x83119
2221.0,vickieblackburn@example.net,2460,Alan Watkins,493-249-5213x66489
2779.0,melissa34@example.com,2461,Randy Carter,222.889.7378
2976.0,yklein@example.net,2462,Charlotte Gonzalez,(638)977-0788
,ifleming@example.org,2463,Norman Adams,001-908-530-0151x44660
2660.0,sfowler@example.com,2464,Paul Rose,001-755-901-6566x743
2328.0,masonpatricia@example.com,2465,Scott Carroll,838.487.2203
,david95@example.com,2466,Larry Johnson,+1-483-384-8256x7120
2195.0,williamschultz@example.com,2467,Emma Bowman,7966233824
2554.0,drobertson@example.net,2468,Ronald Berry,960-289-6475x85484
,frivera@example.com,2469,Amanda Boyd,975-552-5492x00442
,kristina96@example.net,2470,Madison King,862.619.8090x15798
,diane17@example.com,2471,Laura Collins,+1-487-711-0836x12747
2412.0,lmartin@example.com,2472,Emily Crawford,001-894-656-9450
,ujackson@example.com,2473,Kathryn Callahan,001-312-299-0905x31470
,karina41@example.com,2474,Stephen Russell,+1-285-737-3256x5910
2203.0,mary16@example.net,2475,Gary Nguyen,902-304-5979
,mjohnson@example.net,2476,Lindsay Clark,752.326.2171
,sanchezsamantha@example.net,2477,Rachael Burch,940.561.1472
,shawn07@example.com,2478,Colton Schmidt,+1-625-671-4700x821
,marie13@example.org,2479,Melissa Mullins,(667)859-9702
,goliver@example.com,2480,Leslie Maynard,816.269.5637
,christinalucas@example.com,2481,Anthony Hanson,7453040332
,howarderic@example.net,2482,Logan Chan,944.377.0618
,reidjerry@example.net,2483,Michael Mccarthy,918-403-6664x2881
2137.0,martinamber@example.com,2484,Nancy Caldwell,(976)210-2563
2722.0,hughesashley@example.com,2485,Jean Wood,+1-467-715-5968
,mullenderek@example.com,2486,Richard Cook,960-467-2265
2005.0,kfernandez@example.org,2487,Cassandra Duran MD,757-907-8154
,ggardner@example.com,2488,Derek Thompson,370.244.5720x809
2948.0,hgeorge@example.org,2489,Crystal Wright,001-779-546-2339x373
2436.0,melvinreeves@example.net,2490,Christopher Murphy,001-482-655-2494
2633.0,nancybarnes@example.com,2491,Ronald Jacobs,(454)331-9330
,fhenry@example.net,2492,William Bailey,3528856760
,anita69@example.org,2493,Courtney Barber,699-420-6991x6627
,nsherman@example.net,2494,Melissa Johnson,896.394.8503x73218
2536.0,jonathan49@example.net,2495,Kelly Smith,(851)638-3907x60193
2359.0,latoya79@example.org,2496,Crystal Nichols,235.718.8447
2465.0,maypriscilla@example.net,2497,Leslie Jimenez,+1-374-557-5703x22848
,brendan72@example.net,2498,Sydney Olson,333-691-1582x7763
,ramosjennifer@example.net,2499,Joseph Edwards,+1-335-548-8569x60426
,clarkchristine@example.com,2500,Tara Sanchez,844.649.2604x29043
2540.0,michaelsanchez@example.org,2501,Randall Hurst,(716)391-4302
2465.0,kelli90@example.net,2502,Charles Stone,+1-814-598-8983x7663
,oscardavis@example.com,2503,Mark Gonzalez,746.793.3683x019
2758.0,margarethoward@example.com,2504,Natalie Curtis,5769643377
,smithderrick@example.net,2505,Bryce Bowen,(870)546-7195x913
2842.0,danieldiaz@example.com,2506,Wayne Morrison,9419061288
2130.0,mccormickmarc@example.org,2507,Dominic Gonzalez,+1-519-437-5600x81560
,joshuaward@example.org,2508,Craig Rodriguez,001-493-256-7812x205
2421.0,mollymendoza@example.org,2509,Mr. Joseph Williams,(348)821-5841x3267
2850.0,qsmith@example.com,2510,Stacy Todd,362.666.1172
,omcdonald@example.net,2511,Derek Smith DDS,622-386-4591x80482
2572.0,jodyrivera@example.net,2512,Raymond Williams,(866)651-9517x0417
,imartin@example.org,2513,Christine Gentry,(343)623-7315
2285.0,dominguezhaley@example.net,2514,Robert Mathis,(649)744-9385
,ashley43@example.org,2515,Devon Williams,612.544.5573x50848
,wendysmith@example.org,2516,Mrs. Brianna Ferguson DVM,272.212.2882x2205
,zmiller@example.org,2517,Susan Stokes,677-669-1115x1667
2777.0,morganflores@example.net,2518,Lisa Murray,632-260-9325
2590.0,obrown@example.net,2519,Mark White,242.341.3188x049
,bryantmaria@example.com,2520,Sarah Oliver,946.292.1153x12431
,nealjustin@example.net,2521,Amanda Nguyen,(961)501-6944
,reesemark@example.org,2522,Mr. Nathan Moore Jr.,+1-914-946-9048x118
,cindy69@example.net,2523,Stephanie Lawrence,+1-769-915-7120x921
2018.0,christine52@example.net,2524,Nicholas Smith,+1-932-859-6778x26182
,derek99@example.org,2525,Cheryl Flores MD,365-810-1389
,dean13@example.com,2526,Cathy Cruz,+1-597-380-3325x428
2679.0,jeremiahbush@example.net,2527,Christopher Jones,962.795.9968x48524
2094.0,victordillon@example.net,2528,Matthew Hill,+1-865-737-1638x005
,diane51@example.org,2529,Daniel Thomas,(606)600-4039x012
2387.0,reeveschristina@example.com,2530,Ricardo Hooper,001-799-997-7899
2787.0,uthompson@example.org,2531,Jacqueline Walker,495.599.8067x3067
2019.0,allisonblack@example.com,2532,Roberto Barrett,595-334-1663
2019.0,lisa11@example.com,2533,Alexander Ross,001-258-559-1101x37720
2059.0,sylviajones@example.com,2534,Caitlin Butler,+1-940-604-4094
2838.0,melissacarr@example.org,2535,Matthew Knight,001-965-358-6820
,shepherdnathaniel@example.com,2536,Brian Contreras,674.931.9591x9325
2652.0,stephen62@example.com,2537,Gary Warner,274-723-9398x068
2894.0,marissa43@example.com,2538,Donna Williams,843-983-4525x3414
,david84@example.net,2539,Teresa Morales,445-560-1718
2595.0,jacob45@example.net,2540,Michael Hall,6629804980
2856.0,qmoore@example.org,2541,Christine Russell,315.458.9958x8293
,josephbrown@example.org,2542,Kathleen Graves,(905)476-3455x07065
2822.0,wdixon@example.net,2543,Darlene Morgan,969.630.0441
,dgordon@example.com,2544,Catherine Taylor,001-695-904-1413x3124
2995.0,matthewstamara@example.com,2545,Connor Johnson,+1-838-221-3783x444
2633.0,rlevine@example.net,2546,Joseph Gonzalez,(304)868-8345x77316
,tony86@example.org,2547,Blake Fowler,263-546-5100
,jasontorres@example.net,2548,Nicholas Ortiz,(802)875-7743x037
2332.0,cjohnson@example.org,2549,Spencer Wade,001-395-907-2268x434
2360.0,nlawrence@example.net,2550,Frank Wood,+1-285-217-0573x43324
2817.0,marypatrick@example.net,2551,Nathaniel Wiley,426.627.6270x2554
2720.0,william35@example.org,2552,Richard Thompson,8085214743
2019.0,katie80@example.org,2553,Anna Hernandez,7753165143
2131.0,garciabrian@example.com,2554,Michael Freeman,790.610.5694x078
2265.0,ambercox@example.com,2555,Andrew Santos,220.825.7292x554
2286.0,miguelhenderson@example.org,2556,Joyce Moore,+1-964-957-7508x8162
,omerritt@example.net,2557,Mr. Aaron Rodriguez,741-923-0494x7285
2263.0,austin80@example.com,2558,Susan Bullock,877-470-1748
,xgregory@example.net,2559,Kristi Smith,4529113768
2513.0,dgonzalez@example.org,2560,Karen Gonzalez,5132131522
,eclark@example.org,2561,Mary Anderson,5002510859
2927.0,craigjeffrey@example.org,2562,Mark Bryan,4536985771
2617.0,shawncook@example.com,2563,Brandi Sherman,(882)623-6730x33199
2810.0,gregorylee@example.com,2564,Megan Clark,250-579-7554x22041
2373.0,kathleen06@example.org,2565,Tammy Collier,972-328-7993x406
,cynthiavillanueva@example.com,2566,Paula Cruz,780.997.3984x155
,smithdanielle@example.com,2567,Alexander Williams,223-471-3225x36009
,rpatton@example.org,2568,Deborah Murray,001-550-970-4857x806
,jose22@example.net,2569,Ashley Armstrong,470-865-1169x41159
,jenniferbailey@example.com,2570,Mr. Christopher Montgomery,(530)778-6367x254
2727.0,krystal54@example.net,2571,Richard Garrison,431.321.7154x73547
2848.0,donaldyu@example.net,2572,David Petersen,356-451-6964
2933.0,heidiclark@example.net,2573,Lucas Marshall,+1-743-431-3699x1699
2486.0,glendaguzman@example.net,2574,Ryan Ray,001-319-824-2393x45332
2213.0,joshuahayes@example.org,2575,David Moreno,001-975-633-0468
,mathewevans@example.com,2576,Rhonda Cross,811-569-0289x13603
,kristinahill@example.org,2577,Jill Alvarez,953-315-6511x0484
2166.0,kiddcynthia@example.net,2578,Julia Duran,6217101030
,johnsonlynn@example.com,2579,Katrina Allen,708.606.2241x899
2850.0,rodgersmatthew@example.org,2580,Bruce Medina,001-312-684-2965x2270
,andersonbrian@example.net,2581,Johnny Owen,(651)856-7236x26836
2380.0,ehowe@example.org,2582,Evan Glenn,001-660-727-1613x238
,morrisjeffrey@example.com,2583,Alyssa Johnson,001-386-581-4568
2836.0,ortizkelly@example.com,2584,Kristina Pacheco,487-952-9560x24740
2817.0,sherri34@example.org,2585,Deborah Crawford,774.452.3147x896
2185.0,jeremybenson@example.net,2586,Adrian Powers,001-903-397-4610x563
2863.0,tonyabarajas@example.net,2587,Michael Hayes,(206)237-5725x6923
,james44@example.org,2588,Amber Anderson,287.527.7550
2258.0,lisacarter@example.com,2589,Todd Marshall,001-417-230-0519x67364
,adamsdeborah@example.com,2590,Shannon Harmon,001-551-487-2227x7096
,evan70@example.org,2591,Anthony Smith,001-591-938-5560x274
2587.0,frankmiller@example.com,2592,Danny Jones,(296)400-4993x2977
2897.0,travis12@example.com,2593,Mrs. Courtney Campbell,001-289-635-4627
,martinsmith@example.org,2594,Melissa Weaver,569.909.8403
2742.0,murraycody@example.net,2595,Joseph King,6713097934
,teresa21@example.org,2596,Jessica Evans,(393)606-5306
2520.0,mortonpaul@example.com,2597,Robert Lopez,(540)538-6985
2466.0,chelsea91@example.net,2598,Christine Sharp,698.684.1416
,nicolas25@example.com,2599,Brady Jackson,001-926-680-7531
,scott37@example.com,2600,Christie Barker,659-908-1334x27525
,paul72@example.com,2601,Megan Young,8764065342
,egentry@example.net,2602,John Garcia,+1-315-393-7301x8166
2131.0,ubeck@example.org,2603,Marcus Taylor,001-540-652-0450
,sherry08@example.org,2604,Holly Berry,7514874722
2787.0,pcooper@example.net,2605,James Williams,(300)839-5957x17394
,tamimiller@example.net,2606,Dustin Marshall,462-349-7948x6113
2094.0,kingtami@example.net,2607,Kevin Clark,360-673-7542x95911
,curtispearson@example.org,2608,James Rodriguez,7547950311
2410.0,pamela70@example.net,2609,Whitney Cabrera,8219961912
,hillcindy@example.net,2610,Sabrina Acevedo,(639)290-9958x4072
2679.0,juliahernandez@example.com,2611,Rachel Garza DDS,579-251-3598x753
,emilyrice@example.org,2612,Julie Jones,894.797.5950
2277.0,robert53@example.net,2613,Shannon Foster,+1-445-650-9385
,ysimmons@example.com,2614,Jennifer Gill,+1-992-477-6216x615
2317.0,stoutalicia@example.org,2615,Heidi Foster,268.942.1615x774
,nwhite@example.org,2616,Thomas Baker,001-969-276-1746x2035
2456.0,cporter@example.org,2617,Daniel Reyes,2366862130
2619.0,qdavis@example.com,2618,Andrew Webb DDS,399.968.0595x236
2568.0,parkerbrandy@example.com,2619,Edward Lindsey,414-425-1603x93369
,destiny74@example.com,2620,Stephen Larson,001-466-596-5034x0032
2491.0,yhall@example.net,2621,Adrian Gentry,+1-327-606-7533x05447
,franknichols@example.net,2622,Christopher Hansen,945.446.0323x28272
2186.0,austin41@example.com,2623,Ricardo English,001-426-767-1525
,jmorris@example.net,2624,Gabriel Thomas,669.673.7795x73818
2891.0,ochoafaith@example.com,2625,Samuel Hall DDS,001-591-728-0326x87705
2073.0,amytaylor@example.com,2626,Ashley Reed,001-705-769-6831x3185
,daviesgregory@example.net,2627,Morgan Palmer,+1-326-651-3127x34359
2271.0,jclarke@example.org,2628,Eric Ferrell,+1-818-413-8152x51928
,emily94@example.com,2629,Angela Smith,(399)621-9563
,gutierrezjon@example.org,2630,David Gilbert,+1-973-485-3129x7117
,pfranklin@example.org,2631,Phyllis Case,355.279.1464x53050
,bentleycrystal@example.com,2632,James Cline,(702)515-9604
2202.0,gonzalezchristine@example.org,2633,Andrea Johnson,460-615-2374x16658
2561.0,daniel99@example.com,2634,Melissa Thompson,+1-578-997-3450x25404
,mark99@example.net,2635,Linda Miller,001-531-433-1893x13677
2180.0,sarahwang@example.net,2636,Sabrina Graham,832-961-9218
,gthompson@example.org,2637,Joseph Rogers,940-256-5133
2027.0,emilymiller@example.net,2638,Veronica Johnson,672.832.1886
,dustin83@example.org,2639,Victoria Mccarthy,+1-789-673-4664x8121
,elizabeth58@example.net,2640,Robert Caldwell,881-830-3682
,melissa57@example.com,2641,Michael Morris,812-259-8573
2834.0,katie12@example.org,2642,Dana Fischer,001-784-558-8378
,ubrooks@example.net,2643,John Weaver,(978)237-9904x76570
2493.0,molinamichael@example.org,2644,Rachel Diaz,001-957-730-8836x9784
,lisacervantes@example.com,2645,Brian Mccarty,(250)613-6562x01857
2064.0,johnsondavid@example.com,2646,Nathaniel Lopez,(776)855-2340
2776.0,thoward@example.com,2647,Michael Lee,293.673.5019x029
2394.0,virginia91@example.net,2648,Kimberly Daniel,+1-293-845-7828
,lisa37@example.com,2649,Austin Clark,414-601-6540
,shannonjohnson@example.org,2650,Matthew Ford,796.647.7395x67668
,halvarado@example.org,2651,Jack Schneider,228.707.1529x21744
,jessica54@example.org,2652,Dr. Jessica Robinson MD,487.482.2481x516
,fostersarah@example.org,2653,Erin Dyer,001-908-302-0088
2786.0,catherineyoung@example.org,2654,Ronald Anderson,(992)472-2320
2732.0,yrosario@example.net,2655,Doris Williams,+1-456-543-9205x031
,colin24@example.com,2656,Mrs. Robin Bautista DDS,589.435.9582x9943
2132.0,vjones@example.com,2657,Steve Williams,+1-875-335-6317x249
2909.0,kylemartin@example.com,2658,David Wells,507.553.2070
,sjohnson@example.net,2659,Stephen Perez,510-401-4056
,jefferylopez@example.com,2660,Cassandra Sandoval,700-527-5369x66084
2141.0,sarah19@example.net,2661,Morgan Holmes,453.796.6119
2007.0,joseph65@example.com,2662,Anthony Hughes,(718)777-8807x10088
2240.0,jturner@example.com,2663,Eugene Little,491.691.9122x22111
2699.0,camposrobert@example.com,2664,Jeffery Brown,(864)654-9466x6448
,haleycolon@example.com,2665,Samuel White,223-663-8230x675
2006.0,jessica35@example.net,2666,Christopher Fowler,509-521-0946x490
,lisapotter@example.com,2667,Janice Harper,258-559-6167x5810
,juliejackson@example.net,2668,Kevin Oconnor,(529)320-2149x73506
2517.0,ramosdeborah@example.org,2669,Monica Mosley,+1-404-862-8324x87624
2348.0,mcconnelldouglas@example.org,2670,Matthew Thompson,558-354-6247x895
,paul69@example.net,2671,Lawrence Perkins,001-462-869-3846x3689
2707.0,wilcoxpatrick@example.org,2672,Marcia Hickman,883.405.5543x8697
2975.0,kelly27@example.com,2673,Amanda Edwards,001-724-703-9041x712
,bbarnett@example.org,2674,Michael Edwards,(826)281-0112x389
2109.0,tammiecampbell@example.org,2675,Laurie Berg,(802)355-0903x69182
2046.0,david97@example.org,2676,Cameron Salazar,831-307-4223
,jim61@example.com,2677,Amy Sims,+1-240-715-6737
2152.0,sbush@example.com,2678,Jesse Ramos,+1-575-925-1931x0947
,gabriela96@example.com,2679,Adam Cook,403.670.1326
,jenkinscassandra@example.org,2680,Christina Thompson,001-363-359-1737x897
,patrick27@example.net,2681,James Ho,2806556027
,monicasmith@example.org,2682,Corey Walker,640.515.9657x109
2113.0,jwells@example.net,2683,Brian Conrad,768-455-1797
2455.0,willisbrandon@example.net,2684,Jennifer Goodwin,503.249.3018x0714
2183.0,lopezjessica@example.com,2685,James Klein,+1-460-305-3535x08001
2513.0,colegeorge@example.org,2686,Sarah Wagner,904-528-2721x9829
,kyle40@example.com,2687,Krystal Collins,+1-739-955-5887x613
2704.0,christian29@example.com,2688,Andrew Hayes,323.859.0635
2940.0,nglenn@example.com,2689,Ryan Pearson,(810)411-2779x1147
2833.0,eatonnancy@example.org,2690,Jeremy Noble,001-924-975-5629x853
,slee@example.com,2691,Troy Hurley,954.787.1462x5286
2958.0,jasongraves@example.net,2692,Megan Wade DDS,832.784.4124
2590.0,andrewford@example.net,2693,Julie Thomas,362-257-7604x9779
2495.0,lopezrichard@example.com,2694,Jason Wells,333-883-1171x06759
,robertmoore@example.org,2695,William Perry,946-901-2321x3446
2365.0,regina11@example.org,2696,Jason Bailey,7175787948
,robertsoto@example.org,2697,Grant James,3593199630
2364.0,skinnermichael@example.net,2698,Joseph Chapman,+1-237-349-8332
,richard04@example.net,2699,Krystal Thomas,427-916-8926x161
,jamesjordan@example.net,2700,Aaron Orr,914.707.4376
2077.0,mariekeller@example.org,2701,Laura Davidson,6578051758
,katherine20@example.net,2702,Joshua Adams,+1-530-391-0766x729
2649.0,barrettchelsea@example.com,2703,Hannah Wong,816-499-4952
2599.0,thomas12@example.com,2704,Donna Sosa,291-681-1146x618
,aboyd@example.com,2705,Anthony Webb,(526)511-9657x71889
2147.0,kcarroll@example.com,2706,Karen Evans,677-754-8461x6589
2323.0,lawrence36@example.org,2707,James Mckee,+1-984-413-0116x72476
,qwilson@example.com,2708,Paul Stewart,975.508.6583
,watkinssandra@example.com,2709,James Page,(328)659-6192x620
2115.0,gabrielward@example.com,2710,Howard Powell,(421)285-5354
,shannonjeremy@example.net,2711,Shelby Williams,388-484-5144
,reidedward@example.org,2712,Johnny Campbell,709-745-0471x6915
,dawn49@example.com,2713,Ms. Maria Dominguez,(961)315-7957x9065
2224.0,samanthamadden@example.com,2714,Lori Lewis DVM,439-863-7244x81195
2267.0,stephanie74@example.com,2715,Joseph Schultz,001-884-911-4736x7218
,tina45@example.net,2716,Travis Williams,829.404.3455
,canderson@example.com,2717,Jordan Ryan,(546)491-1589x90197
,turnerlaura@example.org,2718,Kelly May MD,204-635-2978
2823.0,thompsonbrittany@example.org,2719,David Livingston,(370)725-1251x1753
2146.0,stephanie35@example.org,2720,George Morrison,(238)215-0227x6636
,stephanie31@example.net,2721,Timothy Wood,001-370-310-3452
2455.0,lowerysarah@example.org,2722,Angela Stewart,979-813-5351
,imartinez@example.org,2723,Eric Gardner,918.757.5689
2187.0,jadams@example.net,2724,Carlos Gonzalez,208-732-3286
2265.0,davismegan@example.com,2725,Aaron Adams,001-846-451-2012x913
2116.0,sue54@example.org,2726,Jeffrey Norris,5239040297
2585.0,tnolan@example.net,2727,David Savage,541.909.7806x3689
2679.0,crystallawrence@example.com,2728,Arthur Gallegos,740.426.4904x777
,steven08@example.com,2729,Peter Moss,+1-222-273-8483x7583
,regina97@example.com,2730,Brian Phillips,820-935-1021x14318
2310.0,elizabeth12@example.net,2731,William Young,9167790377
,michelle94@example.com,2732,Kristine Anderson,001-613-919-7781x7438
,dsmith@example.org,2733,Nicole Martinez,001-807-740-9837
,huangjessica@example.org,2734,Ryan Kelley,001-952-450-2395x874
2454.0,seth38@example.com,2735,Gregory Lane,965-726-1902
,rmontoya@example.org,2736,Pamela Richardson,+1-448-525-0795
,adixon@example.net,2737,Nancy Watkins,(946)307-2178
2343.0,andrew17@example.com,2738,Lisa Peterson,2548831310
,uthompson@example.net,2739,Daniel Collins,4526330604
,dhoward@example.net,2740,Dennis Hernandez,+1-529-559-2953
2020.0,thaynes@example.org,2741,Heather Santana,483-535-0322x94658
2524.0,jessedickson@example.net,2742,Joseph Benson,(897)987-1269
,kroberts@example.net,2743,Dr. Wanda Mcdonald,263.338.3843x426
2166.0,tyrone79@example.net,2744,Kevin Carey,(959)944-9729
2622.0,michael07@example.net,2745,Ms. Christy Hines,001-876-688-7649x107
2508.0,zbrandt@example.com,2746,Monique Berry,828.252.9974x502
,amyhorton@example.org,2747,Michelle Ramos,+1-604-599-0715
2884.0,christopher79@example.org,2748,Patricia Murphy,001-276-882-0990x06845
2918.0,joan49@example.com,2749,Victoria Alvarado,+1-847-353-3107x7233
,benjamin90@example.org,2750,Richard Johnson,304.494.5276x4077
,jmiller@example.com,2751,James Goodman,6657056850
2274.0,erin98@example.com,2752,Mr. Christopher Jones,+1-557-297-5199
,valeriehorton@example.net,2753,Anna Garcia,207.766.5564x65324
2318.0,blakebrown@example.com,2754,James Mcmahon,456.417.6747x17248
2849.0,stevenmiller@example.org,2755,Michelle Steele,3118514962
2884.0,jobrien@example.com,2756,Paul Harris,9109107672
2773.0,thomasrobles@example.net,2757,Alexandra Rangel,(401)277-2619
,hannahcook@example.com,2758,Misty Graham,973.386.0927x809
2382.0,jennifer63@example.org,2759,Anthony Smith,+1-939-439-3616x70792
,brownwilliam@example.net,2760,Gilbert Thompson,001-538-824-0790x55857
,robertmiller@example.com,2761,Michelle Fry,001-203-881-6404x983
2164.0,jamesking@example.net,2762,Sean Perez,+1-858-593-0817x14168
,roachwilliam@example.org,2763,William Schneider,(695)605-1078x4880
2242.0,skeller@example.org,2764,Donna Campbell,+1-455-408-0451x190
2064.0,traciwilliams@example.com,2765,Daniel Brown,001-400-225-4646
2736.0,paulthompson@example.org,2766,Nathaniel Phillips,+1-317-907-9480x79916
,ronniethomas@example.org,2767,Gina Hall,250.659.4196
2350.0,woodsashley@example.net,2768,Gregory Campbell,963.443.3729
,rfrench@example.com,2769,Christian Ho,+1-930-747-5010x547
2835.0,rodrigueztara@example.net,2770,Anne Li,(282)775-9369x571
2808.0,raymondlara@example.org,2771,Robert Nelson,489-211-2879
,kpacheco@example.com,2772,Charles Edwards,823-205-8881
2859.0,ehunt@example.net,2773,Barbara Harris,255.967.6875x2259
2493.0,heatherandrews@example.org,2774,Jeffrey Clark,(293)749-0493
,pattersonjoshua@example.org,2775,Tracy Dixon,336.306.6559
2011.0,xparsons@example.net,2776,Jeffrey Mejia,822-546-8730
2398.0,christine80@example.com,2777,Tanya White,001-501-281-2226x722
,gchavez@example.net,2778,Nancy Miller,(843)907-7708x6064
,ambersnow@example.org,2779,Jessica Swanson,001-787-457-8185
,christiandavid@example.net,2780,Dwayne Griffin,610.539.4280x90621
2117.0,vwatson@example.org,2781,Margaret Johns,(231)688-5541x49779
2387.0,jacobrobinson@example.net,2782,Brittany Morse,+1-437-452-1213x6133
,branchmadison@example.com,2783,Mr. Tyler Francis,001-684-511-5497x8263
2921.0,ericaarellano@example.org,2784,David Weiss,001-634-676-8896
2037.0,hannahbeltran@example.org,2785,Kenneth Morgan,733-799-7158
,susan78@example.com,2786,Trevor Baker,(722)574-1875x882
2372.0,olivia95@example.com,2787,Lisa Wells,+1-531-610-7681x313
2724.0,leekrystal@example.com,2788,Robert Jordan,910.515.8733
2356.0,gillkaren@example.org,2789,Evelyn Herrera,360.776.5416x1641
2226.0,davisrichard@example.com,2790,Rebecca Costa,001-235-436-7252x451
,fward@example.net,2791,Kevin Hull,001-293-627-3273
,john50@example.org,2792,Andrea Fields,(396)559-6936
2629.0,edward82@example.com,2793,Eric Jennings,533.267.5447
,brandonpeterson@example.net,2794,Peter Evans,001-522-965-8819x177
,fthornton@example.org,2795,Molly Watson,362.817.1222x1416
2603.0,laurenclark@example.net,2796,Allen Jones,295-504-5682
,anthonyhicks@example.org,2797,Todd Collins,+1-795-580-9002x78617
2592.0,shawna74@example.net,2798,Richard Sanders,(228)894-6600x5715
,martha97@example.org,2799,Elizabeth Gillespie,001-672-324-3949x2706
2768.0,huntmatthew@example.net,2800,Mark Kramer,(816)792-1926x731
2119.0,jeffreyballard@example.net,2801,Joseph Willis,+1-990-382-4259
,moorebrian@example.net,2802,Elizabeth Allen,574-433-5741x647
,clementsdale@example.org,2803,Mercedes Williams,200-946-0485x183
,ashley02@example.net,2804,Jeffrey Brown,585-360-4705x73961
2971.0,pmckinney@example.org,2805,Jeffrey Robinson,(369)815-5435
,brycehall@example.com,2806,Erica Watson,+1-401-854-1681x023
,andrecarroll@example.org,2807,Mrs. Jennifer Watson,+1-780-435-2100x8409
,markcox@example.net,2808,Susan Cruz,001-253-425-0558x654
2289.0,bryan44@example.org,2809,Mary Mckinney,4959664246
,theresa86@example.org,2810,Lisa Baker,660-319-4599x3092
,qmichael@example.net,2811,Wendy Anderson,(487)401-4370
,shortrandy@example.com,2812,Jessica Rodriguez,001-468-649-5740
2793.0,rodriguezjessica@example.net,2813,Grace Curtis,(955)844-8537x11199
2139.0,daniel60@example.org,2814,Bryan Mcmahon,502-981-3691
,melissapugh@example.net,2815,Melissa Walsh,553.521.6124x132
,vthomas@example.org,2816,Casey Arnold,475.510.0443
2584.0,kathleen11@example.org,2817,Juan Pierce,001-389-336-3405x662
,lwatson@example.net,2818,Karen Ross,776.287.8732x69681
2745.0,dwallace@example.com,2819,Angela Khan,+1-644-839-7487x21817
,brianwhitaker@example.net,2820,Hector Phillips,310.285.8990x376
2363.0,hernandezmary@example.org,2821,Melissa Rose,768-574-4285x84518
2871.0,oliviadavis@example.org,2822,Jillian Hicks,948.201.0728
,rossstephen@example.org,2823,Jacob Hardy,8397941236
,tclark@example.com,2824,Timothy Santos,994.799.6223
2139.0,imorris@example.net,2825,Teresa Short,001-737-675-2897x2210
2228.0,taylorrichard@example.org,2826,Carla Gregory,001-891-297-5526x685
,housejennifer@example.net,2827,Hannah Terry,001-714-707-9941x313
,kramerstephen@example.net,2828,Jason Shea,+1-362-260-3635
2450.0,kathleenmiller@example.net,2829,Rachel Williams,+1-501-606-9809x51936
,nturner@example.net,2830,Robert Gonzalez,001-251-565-9235
,ecooper@example.com,2831,Ashlee Grant,578.954.4814
2748.0,kelleycharles@example.net,2832,Preston Barber,001-318-954-1808
2902.0,albertsmith@example.org,2833,Gregory Pearson,613.666.9415
,daniel63@example.org,2834,Leslie Sanders,697-729-1017
2915.0,samantha35@example.org,2835,Mercedes Bailey,9437264902
,dylan04@example.org,2836,Sandra Ross,001-341-315-1577
,delgadomichelle@example.net,2837,Erin Allen,(784)793-8695
,xjones@example.net,2838,James Mckay,841.382.1774x53696
,jeremy71@example.net,2839,Christopher Macdonald,(681)409-7839x666
2457.0,jamesbird@example.net,2840,David Fuentes,479.729.2893x6586
2677.0,sallyjimenez@example.org,2841,Kathryn Brock,297.363.9751
2324.0,lopezkimberly@example.com,2842,Cory Allen,863.329.4249
,stevensmith@example.net,2843,Emily Rivera,001-783-910-0119x56039
,billruiz@example.org,2844,Barbara Knight,(913)350-9399x64699
2025.0,maxwell84@example.com,2845,Megan Mccoy,867.215.0829x860
2040.0,pmartin@example.net,2846,Daniel Haynes,703.337.8008
2883.0,richardsonanthony@example.net,2847,Levi Ward,(274)874-0575
2479.0,amy58@example.org,2848,Ryan Allen,+1-389-551-4105x05737
2314.0,coleeric@example.net,2849,Gina Rhodes,(408)978-3206
2664.0,rachel56@example.com,2850,Dr. Beth Bates,4579922989
2372.0,shawnnash@example.org,2851,Melissa Wilson,769-342-3985
2453.0,stephaniecarr@example.net,2852,Alexander Garrison,841.458.4905x448
,ucombs@example.net,2853,Kyle Wallace,001-265-481-6538x0491
2860.0,aprilhurley@example.org,2854,Kyle Lewis,323-409-9192
2647.0,andrew39@example.com,2855,Dr. Lauren Walters,+1-864-885-8407x046
2159.0,batesjames@example.com,2856,Jeffrey Smith,+1-886-853-3334x4776
2079.0,xpotts@example.net,2857,Vanessa Thomas,001-405-593-1023
,chayes@example.com,2858,Stephanie Collins,+1-584-437-5776x74924
2870.0,tony72@example.org,2859,Kara Mosley,818.790.8883x4811
,bmendez@example.net,2860,Derek Russell,555-621-0209x8219
2422.0,mnelson@example.com,2861,David Ramirez,744-342-5448x34617
,amandadickerson@example.com,2862,Dustin Ellis,3139167489
,richardsderek@example.org,2863,Kimberly Kennedy,399-772-9747
,woodjoseph@example.org,2864,Juan Miller,(827)593-2865
2082.0,timothy91@example.net,2865,Kenneth Massey,426.721.2232x000
,rgarcia@example.org,2866,Rachel Duncan,580-444-6247
2970.0,drakechristopher@example.org,2867,Patrick Johnson,+1-462-936-6195x26339
2166.0,mejiadebbie@example.org,2868,Shannon Yates,(479)378-5714x715
,vjohnson@example.com,2869,Christopher Jones,632.816.5479x9137
,smithdustin@example.org,2870,Mary Ramirez,+1-313-769-8884x962
,ilambert@example.net,2871,Heather Todd,001-419-605-8537
2758.0,plyons@example.org,2872,Kimberly Fuentes,264-790-8754x7636
,sara71@example.org,2873,Robert Hill,+1-824-456-4725
2253.0,andrew79@example.org,2874,Austin Haynes,723-533-7655x9022
,emily16@example.org,2875,Stephanie Tucker,(981)403-2604x8861
2102.0,hgolden@example.com,2876,Alicia Aguirre,306-576-4953
2126.0,markgordon@example.net,2877,Joshua George,+1-604-428-6809x77582
,jperkins@example.org,2878,Laura Lee,353-987-8403x787
,terrelljonathan@example.net,2879,James Gilmore,+1-827-495-9506x630
2340.0,sarah92@example.com,2880,Sherri Perez,9575265364
2207.0,valerierice@example.org,2881,Michelle Townsend,763.502.3272
2277.0,bcampbell@example.com,2882,Taylor Taylor,(493)454-7308x824
,deborahgonzalez@example.com,2883,Scott Mcclain,835-397-2644x4460
2014.0,taylorjason@example.com,2884,Mr. Christopher Brown MD,622-316-5693x44290
,bethjefferson@example.com,2885,Daniel Wilson,+1-790-623-7172x865
,fpeck@example.org,2886,Monique Berg,(398)844-5000x4237
,fitzpatrickdaisy@example.com,2887,Brian Edwards,001-874-684-4227x69650
2943.0,kevin90@example.com,2888,Stephanie Ortega,973.231.0585x56967
,smithbeverly@example.net,2889,Mario Davis,(535)913-7424
,ggarza@example.net,2890,Adam Singleton,943-687-8796x9742
2485.0,samanthanorris@example.net,2891,David Powell,447-561-1059
,gdelgado@example.org,2892,Mrs. Kathleen Roberts DVM,(426)259-8519x45630
2826.0,leonjohnson@example.com,2893,Jessica Lucas,001-918-479-4736x635
,perezmelissa@example.org,2894,Lori Vaughn,788.913.1466x7486
,shane06@example.net,2895,Kim Smith,272-658-4501x80074
,lhines@example.org,2896,Anthony Lyons,(472)341-2590
2539.0,fischerjohn@example.net,2897,Clayton Lowe,926-224-4559x677
,davisvanessa@example.net,2898,Theresa Cook,001-824-661-7891x89147
2945.0,rodriguezsara@example.net,2899,Tammy Allen,216.953.1682
2587.0,halexander@example.com,2900,Gary Gallegos,001-953-724-9079x679
2733.0,baileyortiz@example.org,2901,Stacey Smith,397.918.8934
2493.0,kimberly35@example.org,2902,Lisa Hayes,(510)799-0385x3365
,michaelbradshaw@example.com,2903,Jessica Wyatt,001-567-863-9556x614
,jordan01@example.org,2904,Brian Reyes,+1-946-621-3417x5291
2036.0,smithdouglas@example.net,2905,Deanna Dennis,001-467-778-8695
2193.0,ksmith@example.net,2906,Tina Thompson,5379522579
2262.0,christina18@example.com,2907,Jordan Davidson,996-263-8211x070
,blane@example.com,2908,Shane Johnson,864-639-8856
,amystewart@example.net,2909,Jeremy Thomas,537-845-7581
2799.0,gregory03@example.org,2910,Cristian Nash,+1-556-588-8760x2384
,joseph38@example.com,2911,Michael Diaz,(813)569-5212
2815.0,mary32@example.org,2912,Kimberly Francis,(624)714-9238x04123
,solomonkristen@example.net,2913,Toni Gutierrez,7564988678
2390.0,cynthiaward@example.net,2914,Linda Rhodes,586-862-1489x889
,kyle32@example.com,2915,Jason Ward,797-781-5764
2684.0,morenoyvette@example.org,2916,Timothy Rose,001-976-717-2531
2916.0,heather44@example.org,2917,Matthew Johnson,351-293-3652x9528
2712.0,michaelbrown@example.net,2918,Cody Gomez,001-565-315-5585x2743
2231.0,kenneth51@example.net,2919,Donna Torres,2007795242
,tiffany06@example.org,2920,John Taylor,+1-732-787-6185x299
2064.0,chambersashley@example.org,2921,Rebekah Henson,+1-322-490-7783x731
,zlong@example.org,2922,Samantha Mahoney,253-305-4404x0709
,skinnerkathryn@example.org,2923,Kirk Johnson,785.615.0568x8840
,sharpbrian@example.net,2924,Brian Hansen,723-265-5445x23684
2699.0,judyallen@example.com,2925,Veronica Cox,+1-463-836-1112x422
,samantha48@example.net,2926,Brianna Larson,(950)208-1317x44370
2199.0,nicole55@example.net,2927,Bobby Haney,(889)953-9788x08738
2011.0,david07@example.net,2928,Nicole Fields,001-669-855-7931
,allisonmiranda@example.com,2929,Michael Holden,+1-320-206-3965x086
,matthew85@example.com,2930,Debra Lloyd,(432)228-5783x228
,fosterjennifer@example.org,2931,Robert Dunn,+1-632-455-3028x48051
,zorozco@example.com,2932,Erica Schneider,(945)384-4111x175
2078.0,andrew51@example.com,2933,Richard Lee,(893)319-9610x15388
2011.0,nporter@example.org,2934,Derrick Mcdaniel,396-630-1457x1642
,lisarogers@example.net,2935,Robert Figueroa,001-859-376-1483
,amanda11@example.com,2936,Jeffrey Martin,(818)521-2027x37686
,charris@example.net,2937,Manuel Brown,001-515-206-1792x10684
2672.0,zguzman@example.com,2938,Kevin Melendez,872-357-8061
2828.0,virginia88@example.com,2939,Damon Joyce,204-944-6490x735
2233.0,flynnnathan@example.org,2940,Keith Hoover,(207)505-2917x96715
2181.0,jonathan69@example.com,2941,Eric Barrera,729-990-8688x410
,angela37@example.com,2942,Brandy Mitchell,001-553-305-1934x249
2410.0,yalexander@example.net,2943,Cody Mcintosh,747.354.0031
,robertgrant@example.org,2944,William Jacobs,4858397824
2149.0,stevenkelley@example.com,2945,Robin Morton,613.215.4643
,angelamorris@example.net,2946,Elizabeth Wall,001-929-651-7839x1003
2461.0,crystal68@example.net,2947,Jeffrey Williams,001-416-477-3697x771
2180.0,christiancrystal@example.org,2948,Jessica Campbell,397-705-2968
,wrightaaron@example.org,2949,Kevin Wade,+1-872-953-8617
,jeffreybrown@example.com,2950,Paul Hudson,280.771.6230x827
,mariavilla@example.org,2951,Diane Galloway,+1-509-335-9429x5128
,howejennifer@example.org,2952,Brenda Harvey,001-808-311-5921x79638
2303.0,florescory@example.com,2953,Tanner Blake,001-658-416-6904x85096
2344.0,tgarcia@example.com,2954,Amy Black,332-332-7125x5204
,wsawyer@example.com,2955,Thomas Mclaughlin,236.784.4055
,banksgrant@example.com,2956,Brian Huerta,3556927368
2131.0,stephendickson@example.net,2957,Cheryl Sanchez,+1-560-990-1687
2732.0,chelsea01@example.net,2958,Christopher Hughes,217-895-2070
,kimfisher@example.com,2959,Laura Mills,+1-728-732-9646
2701.0,beckevelyn@example.com,2960,Cindy Brown,(953)701-4592x010
,cynthiasmith@example.com,2961,Brittany Hall,299.304.6618x8942
,halljoseph@example.org,2962,Dana Hampton,6405578717
,paul47@example.net,2963,Lisa Williams,001-628-607-3777
,ohamilton@example.com,2964,Donna Bridges,650.716.1033x688
2198.0,joshua40@example.org,2965,Madison Chavez,(739)724-8035x517
,logancourtney@example.org,2966,Denise Stevens,467-646-2628x01796
2296.0,youngchad@example.com,2967,Matthew Trevino,(514)716-9355x2232
,brucejackson@example.net,2968,Sarah Meyer,4374172958
,wharris@example.net,2969,Michael Jones,860.515.2438x45709
2602.0,ramirezjanice@example.net,2970,Henry Clark,509.517.2005x41542
2849.0,samantha29@example.net,2971,Christian Potter,739.486.0919x8906
2838.0,russellyoung@example.com,2972,Charles Barnes,001-538-849-2206x761
2005.0,dlucas@example.com,2973,Dr. Isabel Diaz,(429)709-1501x23293
2190.0,jamesaguilar@example.net,2974,Michael Kelly,840.771.6963x63911
,charles13@example.net,2975,Rhonda Malone,(737)957-0430
,parsonspriscilla@example.com,2976,Erik Callahan,314.612.6438x3009
,christinealvarez@example.com,2977,Samantha Roberts,+1-503-917-0562
2745.0,eatonjessica@example.com,2978,Brian Nelson,(775)389-8381
2052.0,matthew02@example.com,2979,Brian Osborne,476.845.2909
,mitchellcathy@example.org,2980,Hayley Cooper,552.582.6466x047
2454.0,trevorcoleman@example.com,2981,Benjamin Hall,001-290-795-7055
2883.0,lanericardo@example.com,2982,Mathew Gordon,+1-834-495-7520x92190
2739.0,alison11@example.com,2983,Brandi White,370-333-4892x7414
,smithsandra@example.net,2984,Steven Myers,629.762.4973
,bdominguez@example.org,2985,Rhonda Flynn,+1-226-417-6112
,bbrown@example.org,2986,Brandy Bradley,(922)990-2675
2801.0,gainesdonna@example.org,2987,Calvin Wilson,281.700.5500x81795
2622.0,nlee@example.net,2988,Jose Brewer,606-773-7517
2782.0,jessica85@example.org,2989,David Johnson,+1-798-454-8516x21695
2974.0,johnmurphy@example.net,2990,Collin Sparks,545.313.5589x96876
,meghan46@example.net,2991,Vanessa Rodriguez,(364)706-6370x4634
,monica50@example.org,2992,William Sullivan,+1-889-726-6725x7512
,ojones@example.com,2993,Stephen Stewart,730-426-4545x6600
,clee@example.net,2994,Michael Patterson,919.597.1178x9813
,brandon46@example.com,2995,Jonathan Levy,417-634-4966
2549.0,davidrodriguez@example.net,2996,William Brown,809.543.5924x571
2158.0,cynthia39@example.com,2997,Aaron Cain,+1-620-417-9085x61795
2168.0,jeffreycooper@example.org,2998,Michelle Hobbs,9254126087
2825.0,bushpaul@example.org,2999,Juan Jenkins,001-871-344-9815x8861
,samuelperkins@example.com,3000,Autumn Alexander,586-717-4045x060
2957.0,hillkatherine@example.com,3001,Jennifer Martin,341.570.2669x312
2780.0,jeffreylozano@example.net,3002,Michelle Hanna,891-773-1869
2368.0,crystalolson@example.org,3003,Christine Perry,001-558-879-3884x18740
,jarvisfrank@example.org,3004,Thomas Underwood,001-831-454-8299
,willieyoung@example.com,3005,Thomas Porter,(989)262-5197x4581
2062.0,michelleclark@example.com,3006,Olivia Harmon,+1-850-209-6065
,pwilliams@example.com,3007,Stephen Harrell,(353)482-2334x5380
2482.0,priggs@example.com,3008,Teresa Richardson,+1-510-948-2799
,lawrencedonna@example.org,3009,Nicholas Garcia,592-808-0616x1020
2695.0,tgraham@example.com,3010,Tony Johnson,+1-262-656-4471x92819
2271.0,todderin@example.net,3011,Jessica Burgess,831-327-7392x56306
,ashley48@example.net,3012,Heather Henderson,+1-735-333-0108
2502.0,josephshields@example.com,3013,Nicole Harris,+1-515-806-2434
,moralesjoseph@example.net,3014,Jessica Brown,(374)679-0071x138
,brittneycox@example.com,3015,Dennis Smith,539-964-0099x651
2045.0,leblancalexander@example.com,3016,Mr. Michael Noble,+1-521-924-4943x69447
2924.0,zharrell@example.net,3017,Michael Baker,+1-778-961-3138x31198
,jasmine88@example.com,3018,Jose Davis,+1-423-645-7866
,scottrodriguez@example.com,3019,Susan Sawyer,8295205904
2397.0,collinsdaniel@example.net,3020,April Mclaughlin,935.417.8344
,james53@example.org,3021,Angela Cabrera,841-460-6492x58059
2424.0,qsanchez@example.net,3022,Joseph Tran,+1-392-563-3023x4382
,wdrake@example.net,3023,Amanda Trevino,5462727424
,zwood@example.com,3024,Ashley Castaneda,974-376-6658x73209
2837.0,wwells@example.net,3025,Seth Davis,(355)689-6494
2524.0,garciamichael@example.net,3026,James Sanders,504.854.4165x8240
2074.0,holderheather@example.com,3027,Raymond Werner,+1-527-427-9966x400
,rayjoshua@example.net,3028,Krista Estes,732.516.7654
,barbara13@example.com,3029,Nicole Hardy MD,+1-368-391-5453x433
2844.0,dustin29@example.net,3030,Kevin Roberts,(819)923-5691
2348.0,longsarah@example.net,3031,Tammy Koch,(880)989-1108
2457.0,djimenez@example.net,3032,Melissa Welch,419.515.0764x1255
,kimberly62@example.com,3033,Natasha Vargas,576-676-0082x800
,theresa68@example.net,3034,Christopher Gibbs,870.857.7898
2766.0,travisreilly@example.net,3035,Joseph Hernandez,(326)920-1084
,amandagray@example.net,3036,Mitchell Watson,001-933-787-6933x512
,coxcorey@example.com,3037,Brian Stewart,001-538-848-2094x976
,dennissmith@example.com,3038,Grace Ford,001-865-895-6871
,william91@example.com,3039,Michael Frank,(591)697-7113
,zsantos@example.com,3040,Kristen Taylor,201-480-3676x909
,kurt42@example.net,3041,William Saunders,494.200.1315
2806.0,stricklandkyle@example.org,3042,Jennifer Mann,648.753.8965x6448
,earnold@example.org,3043,Felicia Johnson,+1-303-363-4105x186
,uharris@example.org,3044,Christian Smith,902-800-1005
2709.0,scott85@example.com,3045,Eric Vaughan,8788139856
,jeffreyadams@example.com,3046,Lindsay Church,487.446.6429
,tevans@example.net,3047,Mr. Ralph Wood,568.847.6189x156
,wford@example.org,3048,Laura Fowler,743.843.8103x89944
,mark30@example.com,3049,Jillian Grant,001-668-994-4435x12491
2633.0,khuff@example.com,3050,Dr. Alexandra Maddox,001-465-335-2863x90271
2022.0,gballard@example.net,3051,Connie Edwards,+1-865-604-6156x70615
,kevinpage@example.com,3052,Jennifer Elliott,879-815-8257
2687.0,mnunez@example.com,3053,Shannon Phillips,322.993.2228
2960.0,shannon14@example.com,3054,Deborah Mcdonald,(354)836-3551x4189
2997.0,chad49@example.org,3055,Matthew Green,208-255-2209x7162
,rhodesanthony@example.com,3056,Ernest Richard,(337)928-8494x66239
,emily61@example.org,3057,Jonathan Cruz,355-603-3365
2068.0,andrew96@example.net,3058,Alex Moore,(376)534-2929
2914.0,thomasbrown@example.net,3059,Kristin Francis,430.480.2903
2340.0,danielrivera@example.net,3060,Dr. Larry Bray,8642339648
2204.0,bfields@example.org,3061,Dustin Rice,(766)824-0852
2117.0,newmandebra@example.org,3062,Dawn Williams,+1-504-628-4790x467
,loriosborn@example.com,3063,Tara Weeks,(640)308-3486x8463
,joshuaoliver@example.net,3064,Tara Gould,001-646-834-0965
,patricia92@example.com,3065,Jessica Vazquez,(676)937-9566x8932
,christopherchristensen@example.net,3066,Jessica Powell,605.932.6200x98116
,jeremy37@example.com,3067,Jim Fields,500-572-1557x500
,thomas12@example.org,3068,Edward Glover,001-328-305-6895
,jcross@example.com,3069,Megan Greer,001-478-603-0611
,vjacobson@example.org,3070,Daniel Blair,571-931-9256x7322
,jillholmes@example.net,3071,Kathleen Hill,401.836.6892x626
2412.0,ryangrant@example.org,3072,Jasmin Hoffman,674-353-5697
,andrewmatthews@example.net,3073,Abigail Hartman,+1-674-582-5626x266
,saunderseric@example.org,3074,Annette Wright,641-619-6065
2799.0,craig29@example.com,3075,Brian Riley,+1-771-400-3619x1346
2414.0,ryansmith@example.com,3076,David Miller,+1-578-985-2902
2226.0,parkcynthia@example.com,3077,Nicole Welch,+1-380-775-4326x2315
2901.0,jonesholly@example.com,3078,Billy Rice,+1-810-210-2793
,nancyfoster@example.org,3079,Jacob Walker,001-289-558-7229x0295
,jill76@example.com,3080,David Tran,(659)282-2081x7569
,vbrown@example.org,3081,David Jackson,356.226.1305
2103.0,jerryharris@example.net,3082,Anthony May,001-471-685-7446x69439
2763.0,ramirezantonio@example.com,3083,Jason Dennis,+1-815-663-2200x093
2711.0,jenniferthomas@example.com,3084,Daniel Mcdonald,452-245-2782x30520
,hfletcher@example.com,3085,James Thompson,+1-859-761-6022
2945.0,williampalmer@example.net,3086,Jodi Taylor,001-696-811-6039x2541
2365.0,qhernandez@example.com,3087,Kim George,+1-403-399-3038
,johnathan94@example.org,3088,Patricia Hill,(925)928-2457x52770
,qpearson@example.com,3089,Cheryl Zimmerman,5773769621
2256.0,evan75@example.com,3090,Ethan Mathews,538.670.2330
2748.0,vincentwilkerson@example.org,3091,Amy Massey,867-309-6457x0099
2796.0,barrholly@example.com,3092,Natasha Lamb,001-200-625-6267x5954
,chapmanmelissa@example.net,3093,William Stone,473-563-4999x4155
2316.0,conwaydustin@example.org,3094,Chad Montgomery,(899)256-4560x562
,peterwilliams@example.org,3095,Kelly Lane,(643)421-5897
2949.0,nicholsamy@example.net,3096,Mark Winters Jr.,279-425-0577
,erinspears@example.org,3097,Alexander Jackson,3317820933
2993.0,shawthomas@example.net,3098,Corey Mejia,898.754.3875
,vincentacevedo@example.com,3099,Kristen Smith,278-728-7905
2853.0,amyhoward@example.org,3100,Alan Castro,+1-776-995-8903x263
,rodriguezmichael@example.com,3101,Timothy Patterson,769.710.8901x29885
2200.0,keytiffany@example.com,3102,Natalie Peters,714.365.9245x41853
,llong@example.org,3103,April Adkins,(707)578-8746x114
,acevedokathleen@example.com,3104,Jennifer Gibbs,725-782-7786x45686
2252.0,kathryngray@example.org,3105,Christopher Gregory,830-591-2940
2751.0,hartjimmy@example.com,3106,Victoria Oliver,(548)961-5659x55278
,csanders@example.com,3107,Ashlee Edwards,+1-208-350-7090x580
,frederickdebbie@example.net,3108,Kenneth Harrington,2346304881
2803.0,juliewright@example.net,3109,Jason Graves,+1-206-488-2374
2976.0,frodriguez@example.net,3110,Michelle Brown,+1-880-584-9184x82663
2268.0,daniel50@example.org,3111,Christian Harris,879-982-7431x926
2481.0,christine82@example.org,3112,Dawn Patton,+1-618-284-9611
,oreynolds@example.com,3113,Casey Grant,930.674.0710
2691.0,jessica65@example.org,3114,Matthew Robles,7287762331
2147.0,mwhite@example.org,3115,Jennifer Coleman,392-344-6488x016
,ooconnor@example.org,3116,Aaron Lozano,001-261-605-8375x5087
,yharvey@example.net,3117,Theresa Wilson,595.731.9669
2282.0,yucasey@example.net,3118,Felicia Shaw,413-458-4261
,ryanbrandt@example.org,3119,Courtney Cortez,399.234.3473x535
